{
	"format_version": "1.16.0",
	"minecraft:geometry": [
		{
			"description": {
				"identifier": "geometry.dynamite",
				"texture_width": 32,
				"texture_height": 32,
				"visible_bounds_width": 2,
				"visible_bounds_height": 2.5,
				"visible_bounds_offset": [0, 0.75, 0]
			},
			"bones": [
				{
					"name": "root_item",
					"pivot": [0, 0, 0],
					"binding": "q.item_slot_to_bone_name(c.item_slot)",
					"cubes": [
						{"origin": [-2, 0, -2], "size": [4, 16, 4], "uv": [0, 0]},
						{"origin": [0, 16, -1], "size": [0, 6, 4], "uv": [23, -4]}
					],
					"locators": {
						"locator": [0, 21, 2]
					}
				}
			]
		}
	]
}