{
	"format_version": "1.16.0",
	"minecraft:geometry": [
		{
			"description": {
				"identifier": "geometry.pebble",
				"texture_width": 32,
				"texture_height": 32,
				"visible_bounds_width": 2,
				"visible_bounds_height": 1.5,
				"visible_bounds_offset": [0, 0.25, 0]
			},
			"bones": [
				{
					"name": "root_item",
					"pivot": [0, 0, 0],
					"binding": "q.item_slot_to_bone_name(c.item_slot)",
					"cubes": [
						{"origin": [-2.5, 0, -2.5], "size": [5, 4, 5], "uv": [0, 0]}
					]
				}
			]
		}
	]
}