{
	"format_version": "1.16.0",
	"minecraft:geometry": [
		{
			"description": {
				"identifier": "geometry.slingshot",
				"texture_width": 32,
				"texture_height": 32,
				"visible_bounds_width": 2,
				"visible_bounds_height": 2.5,
				"visible_bounds_offset": [0, 0.75, 0]
			},
			"bones": [
				{
					"name": "root_item",
					"pivot": [0, 0, 0],
					"binding": "q.item_slot_to_bone_name(c.item_slot)",
					"cubes": [
						{"origin": [-1, 0, -1], "size": [2, 10, 2], "uv": [0, 7]},
						{"origin": [-5, 10, -1], "size": [10, 2, 2], "uv": [0, 0]},
						{"origin": [-5, 12, -1], "size": [2, 5, 2], "uv": [24, 0], "mirror": true},
						{"origin": [3, 12, -1], "size": [2, 5, 2], "uv": [24, 0]},
						{"origin": [-4, 14, 1], "size": [8, 2, 0], "uv": [0, 19]}
					]
				},
				{
					"name": "stretched",
					"parent": "root_item",
					"pivot": [4, 15, 1],
					"cubes": [
						{"origin": [-3, 14, 1], "size": [7, 2, 0], "pivot": [4, 15, 1], "rotation": [0, 64.5, 0], "uv": [1, 19]},
						{"origin": [-4, 14, 1], "size": [7, 2, 0], "pivot": [-4, 15, 1], "rotation": [0, -64.5, 0], "uv": [1, 19], "mirror": true},
						{"origin": [-1, 14, 7.33], "size": [2, 2, 0], "uv": [10, 24]}
					]
				}
			]
		}
	]
}