{
	"format_version": "1.10.0",
	"particle_effect": {
		"description": {
			"identifier": "mythicalcreatures:fireblast_instant",
			"basic_render_parameters": {
				"material": "particles_alpha",
				"texture": "textures/particles/magic"
			}
		},
		"components": {
			"minecraft:emitter_rate_instant": {
				"num_particles": 100
			},
			"minecraft:emitter_lifetime_once": {
				"active_time": 1
			},
			"minecraft:emitter_shape_sphere": {
				"radius": 1,
				"direction": "outwards"
			},
			"minecraft:particle_lifetime_expression": {
				"max_lifetime": 1
			},
			"minecraft:particle_initial_speed": 3,
			"minecraft:particle_motion_dynamic": {},
			"minecraft:particle_appearance_billboard": {
				"size": [0.25, 0.25],
				"facing_camera_mode": "rotate_xyz",
				"uv": {
					"texture_width": 16,
					"texture_height": 128,
					"flipbook": {
						"base_UV": ["Math.floor(v.particle_random_3 * 2) * 8", "Math.floor(v.particle_random_4 * 2) * 8"],
						"size_UV": [8, 8],
						"step_UV": [0, 16],
						"frames_per_second": 12,
						"max_frame": 8,
						"stretch_to_lifetime": true
					}
				}
			}
		}
	}
}