{
	"format_version": "1.10.0",
	"particle_effect": {
		"description": {
			"identifier": "kesamasi:wyvern_breath",
			"basic_render_parameters": {
				"material": "particles_alpha",
				"texture": "textures/particle/campfire_smoke"
			}
		},
		"components": {
			"minecraft:emitter_rate_steady": {
				"spawn_rate": 500,
				"max_particles": 1000
			},
			"minecraft:emitter_lifetime_looping": {
				"active_time": 10
			},
			"minecraft:emitter_shape_point": {},
			"minecraft:particle_lifetime_expression": {
				"max_lifetime": "math.random(3, 4)"
			},
			"minecraft:particle_initial_speed": 0,
			"minecraft:particle_motion_dynamic": {
				"linear_acceleration": ["Math.random(1,2)", "Math.random(-3,3)", "Math.random(-5,5)-Math.random(-5,5)"]
			},
			"minecraft:particle_appearance_billboard": {
				"size": [0.2, 0.2],
				"facing_camera_mode": "lookat_xyz",
				"uv": {
					"texture_width": 1,
					"texture_height": 12,
					"uv": [0, "Math.floor(variable.particle_random_2 * 12)"],
					"uv_size": [1, 1]
				}
			},
			"minecraft:particle_appearance_lighting": {},
			"minecraft:particle_appearance_tinting": {
				"color": [0.08235, 1, 0, 1]
			}
		}
	}
}