{
  "format_version": "1.12.0",
  "minecraft:entity": {
    "description": {
      "identifier": "mythicalcreatures:boar",
      "runtime_identifier": "minecraft:fox",
      "is_spawnable": true,
      "is_summonable": true,
      "is_experimental": false
    },
    "component_groups": {
      "boar_jockey": {
        "minecraft:addrider": {
          "entity_type": "mythicalcreatures:orc"
        },
        "minecraft:rideable": {
          "seat_count": 1,
          "family_types": [
            "orc"
          ],
          "seats": {
            "position": [ 0.0, 1.1, -0.2 ],
            "lock_rider_rotation": 0
          }
        }
      },
      "boar_baby": {
        "minecraft:scale": {
          "value": 0.3
        },
        "minecraft:is_baby": {
        },
        "minecraft:ageable": {
          "duration": 1200,
          "feed_items": [ "carrot", "beetroot", "potato" ],
          "grow_up": {
            "event": "minecraft:ageable_grow_up",
            "target": "self"
          }
        },

        "minecraft:behavior.follow_parent": {
          "priority": 6,
          "speed_multiplier": 1.1
        }
      },

      "boar_adult": {
        "minecraft:experience_reward": {
          "on_bred": "Math.Random(1,7)",
          "on_death": "query.last_hit_by_player ? Math.Random(3,7) : 0"
        },
        "minecraft:loot": {
          "table": "loot_tables/entities/boar.json"
        },
        "minecraft:behavior.breed": {
          "priority": 4,
          "speed_multiplier": 1.0
        },
        "minecraft:breedable": {
          "require_tame": false,
          "breeds_with": {
            "mate_type": "mythicalcreatures:boar",
            "baby_type": "mythicalcreatures:boar",
            "breed_event": {
              "event": "minecraft:entity_born",
              "target": "baby"
            }
          },
          "breed_items": [ "carrot", "beetroot", "potato" ]
        },
        "minecraft:rideable": {
          "seat_count": 1,
          "family_types": [
            "orc"
          ],
          "seats": {
            "position": [ 0.0, 1.1, -0.2 ]
          }
        },
        "minecraft:on_target_acquired": {
          "event": "minecraft:become_angry",
          "target": "self"
        },
        "minecraft:on_friendly_anger": {
          "event": "minecraft:become_angry",
          "target": "self"
        }
      },
      "boar_angry": {
        "minecraft:angry": {
          "duration": 25,
          "broadcast_anger": true,
          "broadcast_range": 20,
          "calm_event": {
            "event": "minecraft:on_calm",
            "target": "self"
          }
        },
        "minecraft:on_target_acquired": {
        }
      },
      "time_schedule": {
        "minecraft:scheduler": {
          "scheduled_events": [
            {
              "scheduled_event": {
                "filters": {
                  "all_of": [
                    { "test": "is_daytime", "operator": "!=", "value": true }
                  ]
                },
                "event": "boar_configure_night"
              }
            },
            {
              "scheduled_event": {
                "filters":{
                  "all_of": [
                    { "test": "is_daytime", "operator": "==", "value": true }
                  ]
                },
                "event": "boar_configure_day"
              }
            }
          ]
        }
      },
      "boar_night": {
        "minecraft:behavior.nap": {
          "priority": 1,
          "cooldown_min": 2.0,
          "cooldown_max": 7.0,
          "mob_detect_dist": 12.0,
          "mob_detect_height": 6.0,
          "can_nap_filters": {
            "all_of": [
              {
                "test": "in_water",
                "subject": "self",
                "operator": "==",
                "value": false
              },
              {
                "test": "on_ground",
                "subject": "self",
                "operator": "==",
                "value": true
              },
              {
                "test": "is_underground",
                "subject": "self",
                "operator": "==",
                "value": true
              },
              {
                "test": "weather_at_position",
                "subject": "self",
                "operator": "!=",
                "value": "thunderstorm"
              }
            ]
          },
          "wake_mob_exceptions": {
            "any_of": [
              {
                "test": "is_family",
                "subject": "other",
                "operator": "==",
                "value": "boar"
              },
              {
                "test": "is_sneaking",
                "subject": "other",
                "operator": "==",
                "value": true
              }
            ]
          }
        },
        "minecraft:behavior.find_cover": {
          "priority": 1,
          "speed_multiplier": 1,
          "cooldown_time": 5.0
        }
      }
    },


    "components": {
      "minecraft:equip_item": {
      },
      "minecraft:type_family": {
        "family": [ "boar", "mob" ]
      },
      "minecraft:breathable": {
        "total_supply": 15,
        "suffocate_time": 0
      },
      "minecraft:nameable": {
      },
      "minecraft:health": {
        "value": 20,
        "max": 20
      },
      "minecraft:hurt_on_condition": {
        "damage_conditions": [
          {
            "filters": { "test": "in_lava", "subject": "self", "operator": "==", "value": true },
            "cause": "lava",
            "damage_per_tick": 4
          }
        ]
      },
      "minecraft:movement": {
        "value": 0.25
      },
      "minecraft:shareables": {
        "all_items": true,
        "all_items_max_amount": 1,
        "items": [
          { "item": "minecraft:apple", "priority": 0, "max_amount": 1 },
          { "item": "minecraft:appleEnchanted", "priority": 0, "max_amount": 1 },
          { "item": "minecraft:baked_potato", "priority": 0, "max_amount": 1 },
          { "item": "minecraft:beef", "priority": 0, "max_amount": 1 },
          { "item": "minecraft:beetroot", "priority": 0, "max_amount": 1 },
          { "item": "minecraft:beetroot_soup", "priority": 0, "max_amount": 1 },
          { "item": "minecraft:bread", "priority": 0, "max_amount": 1 },
          { "item": "minecraft:carrot", "priority": 0, "max_amount": 1 },
          { "item": "minecraft:chicken", "priority": 0, "max_amount": 1 },
          { "item": "minecraft:chorus_fruit", "priority": 0, "max_amount": 1 },
          { "item": "minecraft:clownfish", "priority": 0, "max_amount": 1 },
          { "item": "minecraft:cooked_beef", "priority": 0, "max_amount": 1 },
          { "item": "minecraft:cooked_chicken", "priority": 0, "max_amount": 1 },
          { "item": "minecraft:cooked_fish", "priority": 0, "max_amount": 1 },
          { "item": "minecraft:cooked_porkchop", "priority": 0, "max_amount": 1 },
          { "item": "minecraft:cooked_rabbit", "priority": 0, "max_amount": 1 },
          { "item": "minecraft:cooked_salmon", "priority": 0, "max_amount": 1 },
          { "item": "minecraft:cookie", "priority": 0, "max_amount": 1 },
          { "item": "minecraft:dried_kelp", "priority": 0, "max_amount": 1 },
          { "item": "minecraft:fish", "priority": 0, "max_amount": 1 },
          { "item": "minecraft:golden_apple", "priority": 0, "max_amount": 1 },
          { "item": "minecraft:golden_carrot", "priority": 0, "max_amount": 1 },
          { "item": "minecraft:melon", "priority": 0, "max_amount": 1 },
          { "item": "minecraft:mushroom_stew", "priority": 0, "max_amount": 1 },
          { "item": "minecraft:muttonCooked", "priority": 0, "max_amount": 1 },
          { "item": "minecraft:muttonRaw", "priority": 0, "max_amount": 1 },
          { "item": "minecraft:poisonous_potato", "priority": 0, "max_amount": 1 },
          { "item": "minecraft:porkchop", "priority": 0, "max_amount": 1 },
          { "item": "minecraft:potato", "priority": 0, "max_amount": 1 },
          { "item": "minecraft:pufferfish", "priority": 0, "max_amount": 1 },
          { "item": "minecraft:pumpkin_pie", "priority": 0, "max_amount": 1 },
          { "item": "minecraft:rabbit", "priority": 0, "max_amount": 1 },
          { "item": "minecraft:rabbit_stew", "priority": 0, "max_amount": 1 },
          { "item": "minecraft:rotten_flesh", "priority": 0, "max_amount": 1 },
          { "item": "minecraft:salmon", "priority": 0, "max_amount": 1 },
          { "item": "minecraft:spider_eye", "priority": 0, "max_amount": 1 },
          { "item": "minecraft:sweet_berries", "priority": 0, "max_amount": 1 },
          { "item": "minecraft:suspicious_stew", "priority": 0, "max_amount": 1 }
        ]
      },
      "minecraft:damage_sensor": {
        "triggers": [
          {
            "on_damage": {
              "filters": {
                "test": "is_block",
                "subject": "block",
                "value": "minecraft:sweet_berry_bush"
              }
            },
            "deals_damage": false
          }
        ]
      },
      "minecraft:behavior.equip_item": {
        "priority": 2
      },
      "minecraft:behavior.pickup_items": {
        "priority": 11,
        "max_dist": 3,
        "goal_radius": 2,
        "speed_multiplier": 0.5
      },
      "minecraft:behavior.eat_carried_item": {
        "priority": 12,
        "delay_before_eating": 28
      },
      "minecraft:behavior.raid_garden": {
        "priority": 5,
        "blocks": [
          "minecraft:sweet_berry_bush"
        ],
        "speed_multiplier": 1.2,
        "search_range": 12,
        "search_height": 2,
        "goal_radius": 0.8,
        "max_to_eat": 0,
        "initial_eat_delay": 2
      },
      "minecraft:navigation.walk": {
        "can_path_over_water": true,
        "avoid_water": true,
        "avoid_damage_blocks": true
      },
      "minecraft:movement.basic": {

      },
      "minecraft:jump.static": {
      },
      "minecraft:can_climb": {
      },
      "minecraft:attack": {
        "damage": 10
      },
      "minecraft:behavior.melee_attack": {
        "priority": 5,
        "speed_multiplier": 1.5
      },
      "minecraft:behavior.hurt_by_target": {
        "priority": 3
      },
      "minecraft:collision_box": {
        "width": 1.2,
        "height": 1.75
      },
      "minecraft:leashable": {
        "soft_distance": 10.0,
        "hard_distance": 16.0,
        "max_distance": 20.0
      },
      "minecraft:balloonable": {
        "mass": 0.75
      },
      "minecraft:behavior.mount_pathing": {
        "priority": 1,
        "speed_multiplier": 1.25,
        "target_dist": 0.0,
        "track_target": true
      },
      "minecraft:behavior.float": {
        "priority": 2
      },
      "minecraft:behavior.tempt": {
        "priority": 5,
        "speed_multiplier": 1.2,
        "items": [
          "potato",
          "carrot",
          "beetroot"
        ]
      },
      "minecraft:behavior.random_stroll": {
        "priority": 7,
        "speed_multiplier": 1.0
      },
      "minecraft:behavior.look_at_player": {
        "priority": 8,
        "look_distance": 6.0,
        "probability": 0.02
      },
      "minecraft:behavior.random_look_around": {
        "priority": 9
      },
	    "minecraft:physics": {
      },
      "minecraft:pushable": {
        "is_pushable": true,
        "is_pushable_by_piston": true
      },
      "minecraft:break_blocks": {
        "breakable_blocks": [
          "carrots",
          "melon_stem",
          "potatoes",
          "pumpkin_stem",
          "wheat",
          "beetroot"
        ]
      }
    },


    "events": {
      "minecraft:entity_spawned": {
        "sequence": [
          {
            "randomize": [
              {
                "weight": 1,
                "add": {
                  "component_groups": [
                    "boar_jockey"
                  ]
                }
              },
              {
                "weight": 9
              }
            ]
          },
          {
            "randomize": [
              {
                "weight": 95,
                "remove": {
                  "component_groups": [
                    "boar_baby"
                  ]
                },
                "add": {
                  "component_groups": [
                    "boar_adult"
                  ]
                }
              },
              {
                "weight": 5,
                "remove": {
                  "component_groups": [
                    "boar_adult"
                  ]
                },
                "add": {
                  "component_groups": [
                    "boar_baby"
                  ]
    
                }
              }
            ]
          },
          {
            "add": {
              "component_groups": [
                "time_schedule"
              ]
            }
          }
        ]
      },

      "minecraft:entity_born": {
        "remove": {
        },
        "add": {
          "component_groups": [
            "boar_baby",
            "time_schedule"
          ]
        }
      },

      "minecraft:ageable_grow_up": {
        "remove": {
          "component_groups": [
            "boar_baby"
          ]
        },
        "add": {
          "component_groups": [
            "boar_adult"
          ]
        }
      },
      "boar_configure_day": {
        "remove": {
          "component_groups": [
            "boar_night"
          ]
        }
      },
      "boar_configure_night": {
        "add": {
          "component_groups": [
            "boar_night"
          ]
        }
      },
      "minecraft:become_angry": {
        "add": {
          "component_groups": [
            "boar_angry"
          ]
        }
      },
      "minecraft:on_calm": {
        "remove": {
          "component_groups": [
            "boar_angry"
          ]
        }
      }
    }
  }
}
