{
  "format_version": "1.8.0",
  "minecraft:entity": {
    "description": {
      "identifier": "mythicalcreatures:centaur",
      "is_spawnable": true,
      "is_summonable": true,
      "is_experimental": false
    },
    "component_groups": {
      "base_white": {
        "minecraft:variant": {
          "value": 0
        }
      },
      "base_creamy": {
        "minecraft:variant": {
          "value": 1
        }
      },
      "base_chestnut": {
        "minecraft:variant": {
          "value": 2
        }
      },
      "base_brown": {
        "minecraft:variant": {
          "value": 3
        }
      },
      "base_black": {
        "minecraft:variant": {
          "value": 4
        }
      },
      "base_gray": {
        "minecraft:variant": {
          "value": 5
        }
      },
      "base_darkbrown": {
        "minecraft:variant": {
          "value": 6
        }
      },
      "markings_none": {
        "minecraft:mark_variant": {
          "value": 0
        }
      },
      "markings_white_details": {
        "minecraft:mark_variant": {
          "value": 1
        }
      },
      "markings_white_fields": {
        "minecraft:mark_variant": {
          "value": 2
        }
      },
      "markings_white_dots": {
        "minecraft:mark_variant": {
          "value": 3
        }
      },
      "markings_black_dots": {
        "minecraft:mark_variant": {
          "value": 4
        }
      },
      "melee_attack": {
        "minecraft:behavior.stomp_attack": {
          "priority": 1,
          "track_target": true,
          "attack_duration": 2.0,
          "reach_multiplier": 3.0
        }
      },
      "ranged_attack": {
        "minecraft:behavior.ranged_attack": {
          "priority": 4,
          "attack_interval_min": 1,
          "attack_interval_max": 1,
          "attack_radius": 30
        },
        "minecraft:shooter": {
          "type": "Arrow",
          "def": "minecraft:arrow"
        }
      }
    },
    "components": {
      "minecraft:loot": {
        "table": "loot_tables/entities/centaur.json"
      },
      "minecraft:nameable": {},
      "minecraft:type_family": {
        "family": [
          "centaur",
          "horse",
          "human"
        ]
      },
      "minecraft:movement": {
        "value": 0.4,
        "max": 0.4
      },
      "minecraft:navigation.walk": {
        "can_path_over_water": true,
        "avoid_water": true,
        "avoid_damage_blocks": true
      },
      "minecraft:movement.basic": {},
      "minecraft:jump.static": {},
      "minecraft:behavior.float": {
        "priority": 0
      },
      "minecraft:breathable": {
        "total_supply": 15,
        "suffocate_time": 0
      },
      "minecraft:collision_box": {
        "width": 1.0,
        "height": 2.6
      },
      "minecraft:health": {
        "value": 40,
        "max": 40
      },
      "minecraft:attack": {
        "damage": 10
      },
      "minecraft:target_nearby_sensor": {
        "inside_range": 1,
        "outside_range": 5.0,
        "must_see": true,
        "on_inside_range": {
          "event": "switch_to_melee",
          "target": "self"
        },
        "on_outside_range": {
          "event": "switch_to_ranged",
          "target": "self"
        },
        "on_vision_lost_inside_range": {
            "event": "switch_to_melee",
            "target": "self"
        }
      },
      "minecraft:equipment": {
        "table": "loot_tables/entities/centaur_equipment.json"
      },
      "minecraft:behavior.random_stroll": {
        "priority": 6,
        "speed_multiplier": 1
      },
      "minecraft:behavior.look_at_player": {
        "priority": 7,
        "look_distance": 6,
        "probability": 0.02
      },
      "minecraft:behavior.random_look_around": {
        "priority": 7
      },
      "minecraft:behavior.hurt_by_target": {
        "priority": 1,
        "entity_types": {
          "filters": {
            "test": "is_family",
            "subject": "other",
            "operator": "!=",
            "value": "centaur"
          },
          "max_dist": 64
        },
        "alert_same_type": true
      },
      "minecraft:behavior.nearest_attackable_target": {
        "priority": 2,
        "entity_types": [
          {
            "filters": {
              "other_with_families": "monster"
            },
            "max_dist": 20
          }
        ],
        "must_see": true
      },
      "minecraft:physics": {},
      "minecraft:on_target_acquired": {
        "event": "target_acquired",
        "target": "self"
      },
      "minecraft:on_target_escape": {
        "event": "target_escaped",
        "target": "self"
      },
      "minecraft:pushable": {
        "is_pushable": true,
        "is_pushable_by_piston": true
      }
    },
    "events": {
      "minecraft:entity_spawned": {
        "sequence": [
          {
            "randomize": [
              {
                "weight": 1,
                "add": {
                  "component_groups": [
                    "base_white"
                  ]
                }
              },
              {
                "weight": 1,
                "add": {
                  "component_groups": [
                    "base_creamy"
                  ]
                }
              },
              {
                "weight": 1,
                "add": {
                  "component_groups": [
                    "base_chestnut"
                  ]
                }
              },
              {
                "weight": 1,
                "add": {
                  "component_groups": [
                    "base_brown"
                  ]
                }
              },
              {
                "weight": 1,
                "add": {
                  "component_groups": [
                    "base_black"
                  ]
                }
              },
              {
                "weight": 1,
                "add": {
                  "component_groups": [
                    "base_gray"
                  ]
                }
              },
              {
                "weight": 1,
                "add": {
                  "component_groups": [
                    "base_darkbrown"
                  ]
                }
              }
            ]
          },
          {
            "randomize": [
              {
                "weight": 1,
                "add": {
                  "component_groups": [ "markings_none" ]
                }
              },
              {
                "weight": 1,
                "add": {
                  "component_groups": [ "markings_white_details" ]
                }
              },
              {
                "weight": 1,
                "add": {
                  "component_groups": [ "markings_white_fields" ]
                }
              },
              {
                "weight": 1,
                "add": {
                  "component_groups": [ "markings_white_dots" ]
                }
              },
              {
                "weight": 1,
                "add": {
                  "component_groups": [ "markings_black_dots" ]
                }
              }
            ]
          },
          {
            "remove": {
              "component_groups": [
                "melee_attack"
              ]
            },
            "add": {
              "component_groups": [
                "ranged_attack"
              ]
            }
          }
        ]
      },
      "target_acquired": {
        "remove": {
          "component_groups": [
            "mode_switcher_melee", 
            "melee_attack"
          ]
        },
        "add": {
          "component_groups": [
            "mode_switcher_ranged",
            "ranged_attack"
            ]
        }
      },
      "target_escaped": {
        "remove": {
          "component_groups": [
            "mode_switcher_ranged",
            "mode_switcher_melee"
            ]
        }
      },
      "switch_to_melee": {
        "remove": {
          "component_groups": [
            "ranged_attack"
            ]
        },
        "add": {
          "component_groups": [
            "melee_attack"
            ]
        }
      },
      "switch_to_ranged": {
        "remove": {
          "component_groups": [
            "melee_attack"
          ]
        },
        "add": {
          "component_groups": [
            "ranged_attack"
          ]
        }
      }
    }
  }
}