{
  "format_version": "1.16.0",
  "minecraft:entity": {
    "description": {
      "identifier": "mythicalcreatures:cockatrice",
      "is_spawnable": true,
      "is_summonable": true,
      "is_experimental": false,
      "scripts": {
        "animate": [
          "go_slow_to_ground"
        ]
      },
      "animations": {
        "go_slow_to_ground": "controller.animation.general.go_slow_to_ground"
      }
    },
    "component_groups": {

      "white": {
        "minecraft:variant": {
          "value": 0
        }
      },
      "brown": {
        "minecraft:variant": {
          "value": 1
        }
      }
    },

    "components": {
      "minecraft:is_hidden_when_invisible": {
      },
      "minecraft:type_family": {
        "family": [ "chicken", "cockatrice", "mob" ]
      },
      "minecraft:breathable": {
        "total_supply": 15,
        "suffocate_time": 0
      },
      "minecraft:collision_box": {
        "width": 0.8,
        "height": 1.2
      },
      "minecraft:nameable": {
      },
      "minecraft:health": {
        "value": 40,
        "max": 40
      },
      "minecraft:hurt_on_condition": {
        "damage_conditions": [
          {
            "filters": { "test": "in_lava", "subject": "self", "operator": "==", "value": true },
            "cause": "lava",
            "damage_per_tick": 4
          }
        ]
      },
      "minecraft:attack": {
        "damage": 3,
        "effect_name": "wither",
        "effect_duration": 30
      },
      "minecraft:movement": {
        "value": 0.25
      },
      "minecraft:damage_sensor": {
        "triggers": {
          "cause": "fall",
          "deals_damage": false
        }
      },
      "minecraft:leashable": {
        "soft_distance": 4.0,
        "hard_distance": 6.0,
        "max_distance": 10.0
      },
      "minecraft:balloonable": {
        "mass": 0.5
      },
      "minecraft:navigation.walk": {
        "can_path_over_water": true,
        "avoid_damage_blocks": true
      },
      "minecraft:movement.basic": {
      },
      "minecraft:jump.static": {
      },
      "minecraft:can_climb": {
      },
      "minecraft:despawn": {
        "despawn_from_distance": {}
      },
      "minecraft:behavior.melee_attack": {
        "priority": 3,
        "speed_multiplier": 1.5
      },
      "minecraft:behavior.hurt_by_target": {
        "priority": 1
      },
      "minecraft:behavior.nearest_attackable_target": {
        "priority": 1,
        "within_radius": 64,
        "entity_types": [
          {
            "filters": {
              "other_with_families":[
                "player"
                ]
              },
            "max_dist": 32
          }
        ],
        "must_see": true
      },
      "minecraft:behavior.float": {
        "priority": 0
      },
      "minecraft:behavior.panic": {
        "priority": 1,
        "speed_multiplier": 1.5
      },
      "minecraft:behavior.mount_pathing": {
        "priority": 2,
        "speed_multiplier": 1.5,
        "target_dist": 0.0,
        "track_target": true
      },
      "minecraft:behavior.tempt": {
        "priority": 4,
        "speed_multiplier": 1.0,
        "items": [
          "wheat_seeds",
          "beetroot_seeds",
          "melon_seeds",
          "pumpkin_seeds"
        ]
      },
      "minecraft:behavior.random_stroll": {
        "priority": 6,
        "speed_multiplier": 1.0
      },
      "minecraft:behavior.look_at_player": {
        "priority": 7,
        "look_distance": 6.0,
        "probability": 0.02
      },
      "minecraft:behavior.random_look_around": {
        "priority": 8
      },
      "minecraft:physics": {
      },
      "minecraft:pushable": {
        "is_pushable": true,
        "is_pushable_by_piston": true
      },
      "minecraft:conditional_bandwidth_optimization": {
      }
    },

    "events": {
      "minecraft:entity_spawned": {
        "sequence": [
          {
            "randomize": [
              {
                "weight": 100,
                "remove": {
                },
                "add": {
                  "component_groups": [
                  ]
                }
              }
            ]
          },
          {
            "randomize": [
              {
                "weight": 5,
                "add": {
                  "component_groups": [
                    "whithe"
                  ]
                }
              },
              {
                "weight": 5,
                "add": {
                  "component_groups": [
                    "brown"
                  ]
                }
              }
            ]
          }
        ]
      }
    }
  }
}