{
  "format_version": "1.13.0",
  "minecraft:entity": {
    "description": {
      "identifier": "mythicalcreatures:dwarf",
      "runtime_identifier": "minecraft:villager_v2",
      "is_spawnable": true,
      "is_summonable": true,
      "is_experimental": false
    },
  
    "component_groups": {
      "trade_resupply_component_group": {
        "minecraft:trade_resupply": {}
      },
      
      "work_schedule": {
        "minecraft:scheduler": {
          "min_delay_secs": 0,
          "max_delay_secs": 10,
          "scheduled_events" : [
            {
              "filters": {
                "all_of": [
                  { "test": "hourly_clock_time", "operator": ">=", "value": 0 },
                  { "test": "hourly_clock_time", "operator": "<", "value": 8000 }
                ]
              },
              "event": "minecraft:schedule_work_pro_dwarf"
            },
            {
              "filters": {
                "all_of": [
                  { "test": "hourly_clock_time", "operator": ">=", "value": 8000 },
                  { "test": "hourly_clock_time", "operator": "<", "value": 10000 }
                ]
              },
              "event": "minecraft:schedule_gather_dwarf"
            },
            {
              "filters": {
                "all_of": [
                  { "test": "hourly_clock_time", "operator": ">=", "value": 10000 },
                  { "test": "hourly_clock_time", "operator": "<", "value": 11000 }
                ]
              },
              "event": "minecraft:schedule_work_pro_dwarf"
            },
            {
              "filters": {
                "all_of": [
                  { "test": "hourly_clock_time", "operator": ">=", "value": 11000 },
                  { "test": "hourly_clock_time", "operator": "<", "value": 12000 }
                ]
              },
              "event": "minecraft:schedule_home_dwarf"
            },
            {
              "filters": {
                "all_of": [
                  { "test": "hourly_clock_time", "operator": ">=", "value": 12000 },
                  { "test": "hourly_clock_time", "operator": "<", "value": 24000 }
                ]
              },
              "event": "minecraft:schedule_bed_dwarf"
            }
          ]
        }
      },

      "basic_schedule": {
        "minecraft:scheduler": {
          "min_delay_secs": 0,
          "max_delay_secs": 10,
          "scheduled_events" : [
            {
              "filters": {
                "all_of": [
                  { "test": "hourly_clock_time", "operator": ">=", "value": 0 },
                  { "test": "hourly_clock_time", "operator": "<", "value": 8000 }
                ]
              },
              "event": "minecraft:schedule_wander_dwarf"
            },
            {
              "filters": {
                "all_of": [
                  { "test": "hourly_clock_time", "operator": ">=", "value": 8000 },
                  { "test": "hourly_clock_time", "operator": "<", "value": 10000}
                ]
              },
              "event": "minecraft:schedule_gather_dwarf"
            },
            {
              "filters": {
                "all_of": [
                  { "test": "hourly_clock_time", "operator": ">=", "value": 10000 },
                  { "test": "hourly_clock_time", "operator": "<", "value": 11000 }
                ]
              },
              "event": "minecraft:schedule_wander_dwarf"
            },
            {
              "filters": {
                "all_of": [
                  { "test": "hourly_clock_time", "operator": ">=", "value": 11000 },
                  { "test": "hourly_clock_time", "operator": "<", "value": 12000 }
                ]
              },
              "event": "minecraft:schedule_home_dwarf"
            },
            {
              "filters": {
                "all_of": [
                  { "test": "hourly_clock_time", "operator": ">=", "value": 12000 },
                  { "test": "hourly_clock_time", "operator": "<", "value": 24000 }
                ]
              },
              "event": "minecraft:schedule_bed_dwarf"
            }
          ]
        }
      },

      "child_schedule": {
        "minecraft:scheduler": {
          "min_delay_secs": 0,
          "max_delay_secs": 10,
          "scheduled_events" : [
            {
              "filters": {
                "all_of": [
                  { "test": "hourly_clock_time", "operator": ">=", "value": 0 },
                  { "test": "hourly_clock_time", "operator": "<", "value": 11000 }
                ]
              },
              "event": "minecraft:schedule_play_dwarf"
            },
            {
              "filters": {
                "all_of": [
                  { "test": "hourly_clock_time", "operator": ">=", "value": 11000 },
                  { "test": "hourly_clock_time", "operator": "<", "value": 12000 }
                ]
              },
              "event": "minecraft:schedule_home_dwarf"
            },
            {
              "filters": {
                "all_of": [
                  { "test": "hourly_clock_time", "operator": ">=", "value": 12000 },
                  { "test": "hourly_clock_time", "operator": "<", "value": 24000 }
                ]
              },
              "event": "minecraft:schedule_bed_dwarf"
            }
          ]
        }
      },

      "jobless_schedule": {
        "minecraft:scheduler": {
          "min_delay_secs": 0,
          "max_delay_secs": 10,
          "scheduled_events" : [
            {
              "filters": {
                "all_of": [
                  { "test": "hourly_clock_time", "operator": ">=", "value": 2000 },
                  { "test": "hourly_clock_time", "operator": "<", "value": 13000 }
                ]
              },
              "event": "minecraft:schedule_wander_dwarf"
            },
            {
              "filters": {
                "all_of": [
                  { "test": "hourly_clock_time", "operator": ">=", "value": 13000 },
                  { "test": "hourly_clock_time", "operator": "<", "value": 14000 }
                ]
              },
              "event": "minecraft:schedule_home_dwarf"
            },
            {
              "filters": {
                "all_of": [
                  { "test": "hourly_clock_time", "operator": ">=", "value": 14000 },
                  { "test": "hourly_clock_time", "operator": "<", "value": 24000 }
                ]
              },
              "event": "minecraft:schedule_bed_dwarf"
            },
            {
              "filters": {
                "all_of": [
                  { "test": "hourly_clock_time", "operator": ">=", "value": 0 },
                  { "test": "hourly_clock_time", "operator": "<", "value": 2000 }
                ]
              },
              "event": "minecraft:schedule_bed_dwarf"
            }
          ]
        }
      },

      "farmer_schedule": {
        "minecraft:scheduler": {
          "min_delay_secs": 0,
          "max_delay_secs": 10,
          "scheduled_events" : [
            {
              "filters": {
                "all_of": [
                  { "test": "hourly_clock_time", "operator": ">=", "value": 0 },
                  { "test": "hourly_clock_time", "operator": "<", "value": 8000 }
                ]
              },
              "event": "minecraft:schedule_work_farmer"
            },
            {
              "filters": {
                "all_of": [
                  { "test": "hourly_clock_time", "operator": ">=", "value": 8000 },
                  { "test": "hourly_clock_time", "operator": "<", "value": 10000 }
                ]
              },
              "event": "minecraft:schedule_gather_dwarf"
            },
            {
              "filters": {
                "all_of": [
                  { "test": "hourly_clock_time", "operator": ">=", "value": 10000 },
                  { "test": "hourly_clock_time", "operator": "<", "value": 11000 }
                ]
              },
              "event": "minecraft:schedule_work_farmer"
            },
            {
              "filters": {
                "all_of": [
                  { "test": "hourly_clock_time", "operator": ">=", "value": 11000 },
                  { "test": "hourly_clock_time", "operator": "<", "value": 12000 }
                ]
              },
              "event": "minecraft:schedule_home_dwarf"
            },
            {
              "filters": {
                "all_of": [
                  { "test": "hourly_clock_time", "operator": ">=", "value": 12000 },
                  { "test": "hourly_clock_time", "operator": "<", "value": 24000 }
                ]
              },
              "event": "minecraft:schedule_bed_dwarf"
            }
          ]
        }
      },

      "job_specific_goals": {
        "minecraft:behavior.harvest_farm_block": {},
        "minecraft:behavior.explore_outskirts": {},
        "minecraft:behavior.work": {},
        "minecraft:behavior.mingle": {},
        "minecraft:behavior.sleep": {}
      },
      
      "work_schedule_dwarf": {
        "minecraft:behavior.work": {
          "priority": 7,
          "active_time": 250,
          "speed_multiplier": 0.5,
          "goal_cooldown": 200,
          "sound_delay_min": 100,
          "sound_delay_max": 200,
          "can_work_in_rain": false,
          "work_in_rain_tolerance": 100,
          "on_arrival": {
            "event": "minecraft:resupply_trades",
            "target": "self"
          }
        }
      },

      "work_schedule_fisher": {
        "minecraft:behavior.work": {
          "priority": 7,
          "active_time": 250,
          "speed_multiplier": 0.5,
          "goal_cooldown": 200,
          "sound_delay_min": 100,
          "sound_delay_max": 200,
          "can_work_in_rain": false,
          "work_in_rain_tolerance": 100,
          "on_arrival": {
            "event": "minecraft:resupply_trades",
            "target": "self"
          }
        }
      },

      "work_schedule_farmer": {
        "minecraft:shareables": {
          "items": [
            {
              "item": "minecraft:potato",
              "want_amount": 60,
              "surplus_amount": 24
            },
            {
              "item": "minecraft:wheat_seeds",
              "want_amount": 64,
              "surplus_amount": 64
            },
            {
              "item": "minecraft:wheat",
              "want_amount": 45,
              "surplus_amount": 18,
              "craft_into": "minecraft:bread"
            }
          ]
        },
        "minecraft:behavior.work": {
          "priority": 7,
          "active_time": 250,
          "speed_multiplier": 0.5,
          "goal_cooldown": 200,
          "sound_delay_min": 100,
          "sound_delay_max": 200,
          "can_work_in_rain": false,
          "work_in_rain_tolerance": 100,
          "on_arrival": {
            "event": "minecraft:resupply_trades",
            "target": "self"
          }
        },
        "minecraft:behavior.harvest_farm_block": {
          "priority": 8,
          "speed_multiplier": 0.5
        }
      },


      "play_schedule_dwarf": {
        "minecraft:behavior.play": {
          "priority": 8,
          "speed_multiplier": 0.32
        }
      },

      "gather_schedule_dwarf": {
        "minecraft:behavior.mingle": {
          "priority": 7,
          "speed_multiplier": 0.5,
          "duration": 30,
          "cooldown_time": 10,
          "mingle_partner_type": "mythicalcreatures:dwarf",
          "mingle_distance": 2.0
        }
      },

      "home_schedule_dwarf": {

      },

      "bed_schedule_dwarf": {
        "minecraft:behavior.sleep": {
          "priority": 3,
          "goal_radius": 1.5,
          "speed_multiplier": 0.6,
          "sleep_collider_height": 0.3,
          "sleep_collider_width": 1.0,
          "sleep_y_offset": 0.6,
          "timeout_cooldown": 10.0
        }
      },


      "wander_schedule_dwarf" : {
        "minecraft:behavior.explore_outskirts": {
          "priority": 9,
          "explore_dist": 6.0,
          "wait_time": 200,
          "speed_multiplier": 0.6
        }
      },

      "behavior_peasant": {
        "minecraft:shareables": {
          "items": [
            {
              "item":"minecraft:potato",
              "want_amount": 60,
              "surplus_amount": 24
            },
            {
              "item": "minecraft:wheat_seeds",
              "want_amount": 64,
              "surplus_amount": 64
            },
            {
              "item":"minecraft:wheat",
              "want_amount": 45,
              "surplus_amount": 18,
              "craft_into": "minecraft:bread"
            }
          ]
        }
      },

      "behavior_non_peasant": {
        "minecraft:shareables": {
          "items": [
            {
              "item":"minecraft:potato",
              "want_amount": 12,
              "surplus_amount": 24
            }
          ]
        }
      },

      // A grouping of components that should never be added
      // however, they are here to flush out any artifact component groups
      // that might linger between dwarf job switches
      "trade_components": {
        "minecraft:behavior.trade_interest": {},
        "minecraft:economy_trade_table": {}
      },
      
      "unskilled": {
          "minecraft:type_family": {
            "family": [ "dwarf", "peasant", "mob" ]
          },
          "minecraft:variant": {
            "value": 0
          }
        },

      "farmer": {
        "minecraft:type_family": {
          "family": [ "dwarf", "peasant", "farmer", "mob" ]
        },
        "minecraft:variant": {
          "value": 1
        },
        "minecraft:behavior.trade_interest": {
          "priority": 5,
          "within_radius": 6.0,
          "interest_time": 45.0,
          "remove_item_time": 1.0,
          "carried_item_switch_time": 2.0,
          "cooldown": 2.0
        },
        "minecraft:economy_trade_table": {
          "display_name": "entity.dwarf.farmer",
          "table": "trading/economy_trades/farmer_trades.json",
          "new_screen": true,
          "persist_trades": true
        },
        "minecraft:dweller": {
          "dwelling_type": "village",
          "dweller_role": "inhabitant",
          "preferred_profession": "farmer",
          "update_interval_base": 60,
          "update_interval_variant": 40,
          "can_find_poi": true,
          "can_migrate": true,
          "first_founding_reward": 5
        }
      },

      "armorer": {
        "minecraft:type_family": {
          "family": [ "dwarf", "blacksmith", "armorer", "mob" ]
        },
        "minecraft:variant": {
          "value": 8
        },
        "minecraft:behavior.trade_interest": {
          "priority": 5,
          "within_radius": 6.0,
          "interest_time": 45.0,
          "remove_item_time": 1.0,
          "carried_item_switch_time": 2.0,
          "cooldown": 2.0
        },
        "minecraft:economy_trade_table": {
          "display_name": "entity.dwarf.armor",
          "table": "trading/economy_trades/armorer_trades.json",
          "new_screen": true,
          "persist_trades": true
        },
        "minecraft:dweller": {
          "dwelling_type": "village",
          "dweller_role": "inhabitant",
          "preferred_profession": "armorer",
          "update_interval_base": 60,
          "update_interval_variant": 40,
          "can_find_poi": true,
          "can_migrate": true,
          "first_founding_reward": 5
        }
      },

      "weaponsmith": {
        "minecraft:type_family": {
          "family": [ "dwarf", "blacksmith", "weaponsmith", "mob" ]
        },
        "minecraft:variant": {
          "value": 9
        },
        "minecraft:behavior.trade_interest": {
          "priority": 5,
          "within_radius": 6.0,
          "interest_time": 45.0,
          "remove_item_time": 1.0,
          "carried_item_switch_time": 2.0,
          "cooldown": 2.0
        },
        "minecraft:economy_trade_table": {
          "display_name": "entity.dwarf.weapon",
          "table": "trading/economy_trades/weapon_smith_trades.json",
          "new_screen": true,
          "persist_trades": true
        },
        "minecraft:dweller": {
          "dwelling_type": "village",
          "dweller_role": "inhabitant",
          "preferred_profession": "weaponsmith",
          "update_interval_base": 60,
          "update_interval_variant": 40,
          "can_find_poi": true,
          "can_migrate": true,
          "first_founding_reward": 5
        }
      },

      "toolsmith": {
        "minecraft:type_family": {
          "family": [ "dwarf", "blacksmith", "toolsmith", "mob" ]
        },
        "minecraft:variant": {
          "value": 10
        },
        "minecraft:behavior.trade_interest": {
          "priority": 5,
          "within_radius": 6.0,
          "interest_time": 45.0,
          "remove_item_time": 1.0,
          "carried_item_switch_time": 2.0,
          "cooldown": 2.0
        },
        "minecraft:economy_trade_table": {
          "display_name": "entity.dwarf.tool",
          "table": "trading/economy_trades/tool_smith_trades.json",
          "new_screen": true,
          "persist_trades": true
        },
        "minecraft:dweller": {
          "dwelling_type": "village",
          "dweller_role": "inhabitant",
          "preferred_profession": "toolsmith",
          "update_interval_base": 60,
          "update_interval_variant": 40,
          "can_find_poi": true,
          "can_migrate": true,
          "first_founding_reward": 5
        }
      },

      "butcher": {
        "minecraft:type_family": {
          "family": [ "dwarf", "artisan", "butcher", "mob" ]
        },
        "minecraft:variant": {
          "value": 11
        },
        "minecraft:behavior.trade_interest": {
          "priority": 5,
          "within_radius": 6.0,
          "interest_time": 45.0,
          "remove_item_time": 1.0,
          "carried_item_switch_time": 2.0,
          "cooldown": 2.0
        },
        "minecraft:economy_trade_table": {
          "display_name": "entity.dwarf.butcher",
          "table": "trading/economy_trades/butcher_trades.json",
          "new_screen": true,
          "persist_trades": true
        },
        "minecraft:dweller": {
          "dwelling_type": "village",
          "dweller_role": "inhabitant",
          "preferred_profession": "butcher",
          "update_interval_base": 60,
          "update_interval_variant": 40,
          "can_find_poi": true,
          "can_migrate": true,
          "first_founding_reward": 5
        }
      },

      "leatherworker": {
        "minecraft:type_family": {
          "family": [ "dwarf", "artisan", "leatherworker", "mob" ]
        },
        "minecraft:variant": {
          "value": 12
        },
        "minecraft:behavior.trade_interest": {
          "priority": 5,
          "within_radius": 6.0,
          "interest_time": 45.0,
          "remove_item_time": 1.0,
          "carried_item_switch_time": 2.0,
          "cooldown": 2.0
        },
        "minecraft:economy_trade_table": {
          "display_name": "entity.dwarf.leather",
          "table": "trading/economy_trades/leather_worker_trades.json",
          "new_screen": true,
          "persist_trades": true
        },
        "minecraft:dweller": {
          "dwelling_type": "village",
          "dweller_role": "inhabitant",
          "preferred_profession": "leatherworker",
          "update_interval_base": 60,
          "update_interval_variant": 40,
          "can_find_poi": true,
          "can_migrate": true,
          "first_founding_reward": 5
        }
      },

      "mason": {
        "minecraft:type_family": {
          "family": [ "dwarf", "artisan", "stone_mason", "mob" ]
        },
        "minecraft:variant": {
          "value": 13
        },
        "minecraft:behavior.trade_interest": {
          "priority": 5,
          "within_radius": 6.0,
          "interest_time": 45.0,
          "remove_item_time": 1.0,
          "carried_item_switch_time": 2.0,
          "cooldown": 2.0
        },
        "minecraft:economy_trade_table": {
          "display_name": "entity.dwarf.mason",
          "table": "trading/economy_trades/stone_mason_trades.json",
          "new_screen": true,
          "persist_trades": true
        },
        "minecraft:dweller": {
          "dwelling_type": "village",
          "dweller_role": "inhabitant",
          "preferred_profession": "mason",
          "update_interval_base": 60,
          "update_interval_variant": 40,
          "can_find_poi": true,
          "can_migrate": true,
          "first_founding_reward": 5
        }
      },

      "nitwit":{
        "minecraft:type_family": {
          "family":[ "dwarf", "peasant", "nitwit", "mob" ]          
        },
        "minecraft:variant": {
          "value": 14
        }
      },

      "baby": {
        "minecraft:is_baby": {  },
        "minecraft:scale": {
          "value":0.5
        },
        "minecraft:ageable": {
          "duration": 1200,
          "grow_up": {
            "event": "minecraft:ageable_grow_up",
            "target": "self"
          }
        },
        "minecraft:behavior.take_flower":{
          "priority": 9
        },

        "minecraft:preferred_path" : {
          "max_fall_blocks" : 1,
          "jump_cost" : 5,
          "default_block_cost" : 1.5,
          "preferred_path_blocks" : [
            { 
              "cost" : 0,
              "blocks" : [ 
                "grass_path"
              ]
            },
            { 
              "cost" : 1,
              "blocks" : [ 
                "cobblestone", 
                "stone",
                "stonebrick",
                "sandstone",
                "mossy_cobblestone",
                "stone_slab",
                "stone_slab2",
                "stone_slab3",
                "stone_slab4",
                "double_stone_slab",
                "double_stone_slab2",
                "double_stone_slab3",
                "double_stone_slab4",
                "wooden_slab",
                "double_wooden_slab",
                "planks",
                "brick_block",
                "nether_brick",
                "red_nether_brick",
                "end_bricks",
                "red_sandstone",
                "stained_glass",
                "glass",
                "glowstone",
                "prismarine",
                "emerald_block",
                "diamond_block",
                "lapis_block",
                "gold_block",
                "redstone_block",
                "purple_glazed_terracotta",
                "white_glazed_terracotta",
                "orange_glazed_terracotta",
                "magenta_glazed_terracotta",
                "light_blue_glazed_terracotta",
                "yellow_glazed_terracotta",
                "lime_glazed_terracotta",
                "pink_glazed_terracotta",
                "gray_glazed_terracotta",
                "silver_glazed_terracotta",
                "cyan_glazed_terracotta",
                "blue_glazed_terracotta",
                "brown_glazed_terracotta",
                "green_glazed_terracotta",
                "red_glazed_terracotta",
                "black_glazed_terracotta"
               ]
            },
            { 
              "cost" : 50,
              "blocks" : [ 
                "bed",
                "lectern",
                "composter",
                "grindstone",
                "blast_furnace",
                "smoker",
                "fletching_table",
                "cartography_table",
                "brewing_stand",
                "smithing_table",
                "cauldron",
                "barrel",
                "loom",
                "stonecutter"
              ]
            }
          ]
        }
      },

      "adult": {
        "minecraft:scale": {
          "value": 0.9
        },
        "minecraft:behavior.make_love": {
          "priority": 5
        },
        "minecraft:behavior.receive_love": {
          "priority": 6
        },
        "minecraft:preferred_path" : {
          "max_fall_blocks" : 1,
          "jump_cost" : 20,
          "default_block_cost" : 3,
          "preferred_path_blocks" : [
            { 
              "cost" : 0,
              "blocks" : [ 
                "grass_path"
              ]
            },
            { 
              "cost" : 1,
              "blocks" : [ 
                "cobblestone", 
                "stone",
                "stonebrick",
                "sandstone",
                "mossy_cobblestone",
                "stone_slab",
                "stone_slab2",
                "stone_slab3",
                "stone_slab4",
                "double_stone_slab",
                "double_stone_slab2",
                "double_stone_slab3",
                "double_stone_slab4",
                "wooden_slab",
                "double_wooden_slab",
                "planks",
                "brick_block",
                "nether_brick",
                "red_nether_brick",
                "end_bricks",
                "red_sandstone",
                "stained_glass",
                "glass",
                "glowstone",
                "prismarine",
                "emerald_block",
                "diamond_block",
                "lapis_block",
                "gold_block",
                "redstone_block",
                "purple_glazed_terracotta",
                "white_glazed_terracotta",
                "orange_glazed_terracotta",
                "magenta_glazed_terracotta",
                "light_blue_glazed_terracotta",
                "yellow_glazed_terracotta",
                "lime_glazed_terracotta",
                "pink_glazed_terracotta",
                "gray_glazed_terracotta",
                "silver_glazed_terracotta",
                "cyan_glazed_terracotta",
                "blue_glazed_terracotta",
                "brown_glazed_terracotta",
                "green_glazed_terracotta",
                "red_glazed_terracotta",
                "black_glazed_terracotta"
               ]
            },
            { 
              "cost" : 50,
              "blocks" : [ 
                "bed",
                "lectern",
                "composter",
                "grindstone",
                "blast_furnace",
                "smoker",
                "fletching_table",
                "cartography_table",
                "brewing_stand",
                "smithing_table",
                "cauldron",
                "barrel",
                "loom",
                "stonecutter"
              ]
            }
          ]
        }
      },

      "dwarf_skin_0": {
        "minecraft:skin_id": {
          "value": 0
        }
      },

      "dwarf_skin_1": {
        "minecraft:skin_id": {
          "value": 1
        }
      },

      "dwarf_skin_2": {
        "minecraft:skin_id": {
          "value": 2
        }
      },

      "dwarf_skin_3": {
        "minecraft:skin_id": {
          "value": 3
        }
      },

      "dwarf_skin_4": {
        "minecraft:skin_id": {
          "value": 4
        }
      },

      "dwarf_skin_5": {
        "minecraft:skin_id": {
          "value": 5
        }
      },

      "desert_dwarf": {
        "minecraft:mark_variant": {
          "value": 1
        }
      },

      "jungle_dwarf": {
        "minecraft:mark_variant": {
          "value": 2
        }
      },

      "savanna_dwarf": {
        "minecraft:mark_variant": {
          "value": 3
        }
      },

      "snow_dwarf": {
        "minecraft:mark_variant": {
          "value": 4
        }
      },

      "swamp_dwarf": {
        "minecraft:mark_variant": {
          "value": 5
        }
      },

      "taiga_dwarf": {
        "minecraft:mark_variant": {
          "value": 6
        }
      }
    },

    "components": {
      "minecraft:type_family": {
        "family": ["dwarf", "mob"]
      },
      "minecraft:mark_variant": {
        "value": 0 // dwarfs have the Plains biome skin by default
      },
      "minecraft:breathable": {
        "total_supply": 15,
        "suffocate_time": 0
      },
      "minecraft:health": {
        "value": 20,
        "max": 20
      },
      "minecraft:hurt_on_condition": {
        "damage_conditions": [
          {
            "filters": { "test": "in_lava", "subject": "self", "operator": "==", "value": true },
            "cause": "lava",
            "damage_per_tick": 4
          }
        ]
      },
      "minecraft:hide": {
      },
      "minecraft:collision_box": {
        "width": 0.6,
        "height": 1.7
      },
      "minecraft:nameable": {
      },
      "minecraft:movement": {
        "value": 0.5
      },
      "minecraft:navigation.walk": {
        "can_path_over_water": true,
        "can_pass_doors": true,
        "can_open_doors": true,
        "avoid_water": true
      },
      "minecraft:follow_range": {
        "value": 128
      },
      "minecraft:annotation.open_door": {
      },
      "minecraft:movement.basic": {
      },
      "minecraft:jump.static": {
      },
      "minecraft:can_climb": {
      },
      "minecraft:inventory": {
        "inventory_size": 8,
        "private": true
      },
      "minecraft:attack": {
        "damage": {
          "range_min": 7,
          "range_max": 10
        }
      },
      "minecraft:dweller": {
        "dwelling_type": "village",
        "dweller_role": "inhabitant",
        "update_interval_base": 60,
        "update_interval_variant": 40,
        "can_find_poi": true,
        "can_migrate": true,
        "first_founding_reward": 5
      },
      "minecraft:damage_sensor": {
        "triggers": [
          {
            "on_damage": {
              "filters": { "test" :  "is_family", "subject" : "other", "value" :  "lightning" },
              "event": "become_witch"
            },
            "deals_damage": false
          },
          {
            "on_damage": {
              "filters": {
                "any_of": [
                  {"test": "is_family", "subject": "other", "value": "zombie"},
                  {"test": "is_family", "subject": "other", "value": "husk"}
                ],
                "all_of": [
                  {"test": "has_damage", "value": "fatal"}
                ]
              },
              "event": "become_zombie"
            }
          }
        ]
      },
      "minecraft:persistent": {
      },
      "minecraft:behavior.float": {
        "priority": 0
      },
      "minecraft:behavior.hide": {
        "priority": 0,
        "speed_multiplier": 0.8,
        "poi_type": "bed",
        "duration": 30.0
      },
      "minecraft:behavior.trade_with_player": {
        "priority": 2
      },
      "minecraft:behavior.pickup_items": {
        "priority": 4,
        "max_dist": 3,
        "goal_radius": 2,
        "speed_multiplier": 0.5
      },
      "minecraft:behavior.move_indoors": {
        "priority": 6,
        "speed_multiplier": 0.8,
        "timeout_cooldown": 8.0
      },
      "minecraft:behavior.look_at_trading_player": {
        "priority": 7
      },
      "minecraft:behavior.look_at_player": {
        "priority": 8,
        "look_distance": 8,
        "probability": 0.02
      },
      "minecraft:behavior.share_items": {
        "priority": 9,
        "max_dist": 3,
        "goal_radius":  2.0,
        "speed_multiplier": 0.5,
        "entity_types": [
          {
            "filters": { "test" :  "is_family", "subject" : "other", "value" :  "dwarf"}
          }
        ]
      },
      "minecraft:behavior.move_towards_restriction": {
        "priority": 10,
        "speed_multiplier": 0.6
      },
      "minecraft:behavior.random_stroll": {
        "priority": 10,
        "speed_multiplier": 0.6
      },
      "minecraft:behavior.melee_attack": {
        "priority": 1,
        "target_dist": 1.0,
        "track_target": true,
        "speed_multiplier": 0.6
      },
      "minecraft:behavior.nearest_attackable_target": {
        "priority": 3,
        "entity_types": [
          {
            "filters": { 
                "all_of": [
                  { "test" :  "is_family", "subject" : "other", "value" :  "monster"},
                  { "test" :  "is_family", "subject" : "other", "operator": "!=", "value" :  "creeper"}
                ] 
            },
            "within_default": 10
          }
        ],
        "must_see": true,
        "must_reach": true
      },
      "minecraft:behavior.hurt_by_target": {
        "priority": 2,
        "entity_types": {
          "filters": { "test": "is_family", "subject": "other", "operator": "!=", "value": "creeper" }
        }
      },
      "minecraft:physics": {
      },
      "minecraft:pushable": {
        "is_pushable": true,
        "is_pushable_by_piston": true
      }
    },
    "events":{
      "become_witch": {
        "add": {
          "component_groups": [
            "become_witch"
          ]
        }
      },
      "become_zombie": {
        "sequence": [
          {
            "filters": {"test": "is_difficulty", "value": "normal"},
            "randomize": [
              {
                "weight": 50,
                "add": { "component_groups": [ "become_zombie" ] }
              },
              {
                "weight": 50
              }
            ]
          },
          {
            "filters": {"test": "is_difficulty", "value": "hard"},
            "add": {
              "component_groups": [
                "become_zombie"
              ]
            }
          }
        ]
      },
      "minecraft:entity_spawned": {
        "sequence": [
          {
            "filters": { "test": "has_component", "operator": "!=", "value": "minecraft:skin_id" },
            "randomize": [
              {
                "weight": 1,
                "add": { "component_groups": [ "dwarf_skin_0" ] }
              },
              {
                "weight": 1,
                "add": { "component_groups": [ "dwarf_skin_1" ] }
              },
              {
                "weight": 1,
                "add": { "component_groups": [ "dwarf_skin_2" ] }
              },
              {
                "weight": 1,
                "add": { "component_groups": [ "dwarf_skin_3" ] }
              },
              {
                "weight": 1,
                "add": { "component_groups": [ "dwarf_skin_4" ] }
              },
              {
                "weight": 1,
                "add": { "component_groups": [ "dwarf_skin_5" ] }
              }
            ]
          },
          {
            "filters": {
              "test": "has_component",
              "operator": "!=",
              "value": "minecraft:variant"
            },
            "randomize": [
              {
                "weight": 5,
                "add": { "component_groups": [ "baby", "child_schedule" ] }
              },
              {
                "weight": 95,
                "sequence": [
                  {
                    "add": { "component_groups": [ "adult" ] } 
                  },
                  {
                    "randomize": [
                      {
                        "weight": 1,
                        "add": { "component_groups": [ "farmer", "behavior_peasant", "basic_schedule" ] }
                      },
                      {
                        "weight": 1,
                        "add": { "component_groups": [ "fisherman", "behavior_peasant", "basic_schedule" ] }
                      },
                      {
                        "weight": 1,
                        "add": { "component_groups": [ "shepherd", "behavior_peasant", "basic_schedule" ] }
                      },
                      {
                        "weight": 1,
                        "add": { "component_groups": [ "fletcher", "behavior_peasant", "basic_schedule" ] }
                      },
                      {
                        "weight": 1,
                        "add": { "component_groups": [ "librarian", "behavior_non_peasant", "basic_schedule" ] }
                      },
                      {
                        "weight": 1,
                        "add": { "component_groups": [ "cartographer", "behavior_non_peasant", "basic_schedule" ] }
                      },
                      {
                        "weight": 1,
                        "add": { "component_groups": [ "cleric", "behavior_non_peasant", "basic_schedule" ] }
                      },
                      {
                        "weight": 1,
                        "add": { "component_groups": [ "armorer", "behavior_non_peasant", "basic_schedule" ] }
                      },
                      {
                        "weight": 1,
                        "add": { "component_groups": [ "weaponsmith", "behavior_non_peasant", "basic_schedule" ] }
                      },
                      {
                        "weight": 1,
                        "add": { "component_groups": [ "toolsmith", "behavior_non_peasant", "basic_schedule" ] }
                      },
                      {
                        "weight": 1,
                        "add": { "component_groups": [ "butcher", "behavior_non_peasant", "basic_schedule" ] }
                      },
                      {
                        "weight": 1,
                        "add": { "component_groups": [ "leatherworker", "behavior_non_peasant", "basic_schedule" ] }
                      },
                      {
                        "weight": 1,
                        "add": { "component_groups": [ "mason", "behavior_non_peasant", "basic_schedule" ] }
                      },
                      {
                        "weight": 1,
                        "add": { "component_groups": [ "nitwit", "behavior_peasant", "jobless_schedule" ] }
                      }
                    ]
                  }
                ]
              }
            ]
          },
          {
            "filters": {
              "any_of": [
                {
                  "test": "has_biome_tag",
                  "value": "desert"
                },
                {
                  "test": "has_biome_tag",
                  "value": "mesa"
                }
              ]
            },
            "add": { "component_groups": [ "desert_dwarf" ] }
          },
          {
            "filters": {
              "test": "has_biome_tag",
              "value": "jungle"
            },
            "add": { "component_groups": [ "jungle_dwarf" ] }
          },
          {
            "filters": {
              "test": "has_biome_tag",
              "value": "savanna"
            },
            "add": { "component_groups": [ "savanna_dwarf" ] }
          },
          {
            "filters": {
              "any_of": [
                {
                  "all_of": [
                    {
                      "test": "has_biome_tag",
                      "value": "cold"
                    },
                    {
                      "test": "has_biome_tag",
                      "operator": "!=",
                      "value": "ocean"
                    }
                  ]
                },
                {
                  "test": "has_biome_tag",
                  "value": "frozen"
                }
              ]
            },
            "add": { "component_groups": [ "snow_dwarf" ] }
          },
          {
            "filters": {
              "test": "has_biome_tag",
              "value": "swamp"
            },
            "add": { "component_groups": [ "swamp_dwarf" ] }
          },
          {
            "filters": {
              "all_of": [
                {
                  "any_of": [
                    {
                      "test": "has_biome_tag",
                      "value": "taiga"
                    },
                    {
                      "test": "has_biome_tag",
                      "value": "extreme_hills"
                    }
                  ]
                },
                {
                  "test": "has_biome_tag",
                  "operator": "!=",
                  "value": "cold"
                }
              ]
            },
            "add": { "component_groups": [ "taiga_dwarf" ] }
          }
        ]
      },

      "minecraft:spawn_from_village": {
        "sequence": [
          {
            "filters": { "test": "has_component", "operator": "!=", "value": "minecraft:variant" },
            "randomize": [
              {
                "weight": 5,
                "add": { "component_groups": [ "baby", "child_schedule" ] }
              },
              {
                "weight": 95,
                "add": { "component_groups": [ "adult" ] },
                "sequence": [
                  {
                    "randomize": [
                      {
                        "weight": 90,
                        "add": { "component_groups": [ "unskilled", "behavior_peasant", "basic_schedule" ] }
                      },
                      {
                        "weight": 10,
                        "add": { "component_groups": [ "nitwit", "behavior_peasant", "jobless_schedule" ] }
                      }
                    ]
                  }
                ]
              }
            ]
          },
          {
            "filters": { "test": "has_component", "operator": "!=", "value": "minecraft:skin_id" },
            "randomize": [
              {
                "weight": 1,
                "add": { "component_groups": [ "dwarf_skin_0" ] }
              },
              {
                "weight": 1,
                "add": { "component_groups": [ "dwarf_skin_1" ] }
              },
              {
                "weight": 1,
                "add": { "component_groups": [ "dwarf_skin_2" ] }
              },
              {
                "weight": 1,
                "add": { "component_groups": [ "dwarf_skin_3" ] }
              },
              {
                "weight": 1,
                "add": { "component_groups": [ "dwarf_skin_4" ] }
              },
              {
                "weight": 1,
                "add": { "component_groups": [ "dwarf_skin_5" ] }
              }
            ]
          },
          {
            "filters": { 
              "any_of": [
                { "test": "has_biome_tag", "value": "desert" },
                { "test": "has_biome_tag", "value": "mesa" }
              ]
            },
            "add": { "component_groups": [ "desert_dwarf" ] }
          },
          {
            "filters": { "test": "has_biome_tag", "value": "jungle" },
            "add": { "component_groups": [ "jungle_dwarf" ] }
          },
          {
            "filters": { "test": "has_biome_tag", "value": "savanna" },
            "add": { "component_groups": [ "savanna_dwarf" ] }
          },
          {
            "filters": {
              "any_of": [
                { 
                  "all_of": [
                    { "test": "has_biome_tag", "value": "cold" },
                    { "test": "has_biome_tag", "operator": "!=", "value": "ocean" }
                  ]
                },
                { "test": "has_biome_tag", "value": "frozen" }
              ]
            },
            "add": { "component_groups": [ "snow_dwarf" ] }
          },
          {
            "filters": { "test": "has_biome_tag", "value": "swamp" },
            "add": { "component_groups": [ "swamp_dwarf" ] }
          },
          {
            "filters": {
              "all_of": [
                {
                  "any_of": [
                    { "test": "has_biome_tag", "value": "taiga" },
                    { "test": "has_biome_tag", "value": "extreme_hills" }
                  ]
                },
                { "test": "has_biome_tag", "operator": "!=", "value": "cold" }
              ]
            },
            "add": { "component_groups": [ "taiga_dwarf" ] }
          }
        ]
      },

      "minecraft:entity_transformed": {
        "sequence": [
          // Transform to baby dwarf
          {
            "filters": { "test": "has_component", "subject": "other", "operator": "==", "value": "minecraft:is_baby" },
            "add": { "component_groups": [ "baby", "child_schedule" ] }
          },
          {
            // Transform to adult dwarf
            "filters": { "test": "has_component", "subject": "other", "operator": "!=", "value": "minecraft:is_baby" },
            "add": { "component_groups": [ "adult" ] },
            
            "sequence": [ 
              // Transform to farmer dwarf
              {
                  "filters": { "test": "is_family", "subject": "other", "value": "farmer"},
                  "add": { "component_groups": [ "farmer", "behavior_peasant", "farmer_schedule" ] }
              },
              // Transform to fisherman dwarf
              {
                  "filters": { "test": "is_family", "subject": "other", "value": "fisherman"},
                  "add": { "component_groups": [ "fisherman", "behavior_peasant", "fisher_schedule" ] }
              },
              // Transform to shepherd dwarf
              {
                  "filters": { "test": "is_family", "subject": "other", "value": "shepherd" },
                  "add": { "component_groups": [ "shepherd", "behavior_peasant", "work_schedule" ] }
              },
              // Transform to fletcher dwarf
              {
                  "filters": { "test": "is_family", "subject": "other", "value": "fletcher" },
                  "add": { "component_groups": [ "fletcher", "behavior_peasant", "work_schedule" ] }
              },
              // Transform to librarian dwarf
              {
                  "filters": { "test": "is_family", "subject": "other", "value": "librarian" },
                  "add": { "component_groups": [ "librarian", "behavior_non_peasant", "librarian_schedule"] }
              },
              // Transform to cartographer dwarf
              {
                  "filters": { "test": "is_family", "subject": "other", "value": "cartographer" },
                  "add": { "component_groups": [ "cartographer", "behavior_non_peasant", "work_schedule" ] }
              },
              // Transform to cleric dwarf
              {
                  "filters": { "test": "is_family", "subject": "other", "value": "cleric" },
                  "add": { "component_groups": [ "cleric", "behavior_non_peasant", "work_schedule" ] }
              },
              // Transform to armorer dwarf
              {
                  "filters": { "test": "is_family", "subject": "other", "value": "armorer" },
                  "add": { "component_groups": [ "armorer", "behavior_non_peasant", "work_schedule" ] }
              },
              // Transform to weaponsmith dwarf
              {
                  "filters": { "test": "is_family", "subject": "other", "value": "weaponsmith" },
                  "add": { "component_groups": [ "weaponsmith", "behavior_non_peasant", "work_schedule" ] }
              },
              // Transform to toolsmith dwarf
              {
                  "filters": { "test": "is_family", "subject": "other", "value": "toolsmith" },
                  "add": { "component_groups": [ "toolsmith", "behavior_non_peasant", "work_schedule" ] }
              },
              // Transform to butcher dwarf
              {
                  "filters": { "test": "is_family", "subject": "other", "value": "butcher" },
                  "add": { "component_groups": [ "butcher", "behavior_non_peasant", "work_schedule" ] }
              },
              // Transform to leatherworker dwarf
              {
                  "filters": { "test": "is_family", "subject": "other", "value": "leatherworker" },
                  "add": { "component_groups": [ "leatherworker", "behavior_non_peasant", "work_schedule" ] }
              },
              // Transform to mason dwarf
              {
                  "filters": { "test": "is_family", "subject": "other", "value": "mason" },
                  "add": { "component_groups": [ "mason", "behavior_non_peasant", "work_schedule" ] }
              }
            ]
          },
          {
           // Transform from zombie to correct dwarf skin (mark var already set)
            "filters": { "test": "is_family", "subject": "other", "operator": "==", "value": "zombie_dwarf" }, 
            "sequence" : [
              {
                  "filters": { "test": "is_skin_id", "subject": "other", "value": 0 },
                  "add": { "component_groups": [ "dwarf_skin_0" ] }
              },
              {
                  "filters": { "test": "is_skin_id", "subject": "other", "value": 1 },
                  "add": { "component_groups": [ "dwarf_skin_1" ] }
              },
              {
                  "filters": { "test": "is_skin_id", "subject": "other", "value": 2 },
                  "add": { "component_groups": [ "dwarf_skin_2" ] }
              },
              {
                  "filters": { "test": "is_skin_id", "subject": "other", "value": 3 },
                  "add": { "component_groups": [ "dwarf_skin_3" ] }
              },
              {
                  "filters": { "test": "is_skin_id", "subject": "other", "value": 4 },
                  "add": { "component_groups": [ "dwarf_skin_4" ] }
              },
              {
                  "filters": { "test": "is_skin_id", "subject": "other", "value": 5 },
                  "add": { "component_groups": [ "dwarf_skin_5" ] }
              },
              {
                  "filters": { "test": "is_mark_variant", "subject": "other", "value": 1 },
                  "add": { "component_groups": [ "desert_dwarf" ] }
              },
              {
                  "filters": { "test": "is_mark_variant", "subject": "other", "value": 2 },
                  "add": { "component_groups": [ "jungle_dwarf" ] }
              },
              {
                  "filters": { "test": "is_mark_variant", "subject": "other", "value": 3 },
                  "add": { "component_groups": [ "savanna_dwarf" ] }
              },
              {
                  "filters": { "test": "is_mark_variant", "subject": "other", "value": 4 },
                  "add": { "component_groups": [ "snow_dwarf" ] }
              },
              {
                  "filters": { "test": "is_mark_variant", "subject": "other", "value": 5 },
                  "add": { "component_groups": [ "swamp_dwarf" ] }
              },
              {
                  "filters": { "test": "is_mark_variant", "subject": "other", "value": 6 },
                  "add": { "component_groups": [ "taiga_dwarf" ] }
              }
            ]
          },
          {
           // Transform from v1 - > v2 to correct dwarf skin (mark var not set so test biome)
            "filters": { "test": "is_family", "subject": "other", "operator": "==", "value": "dwarf" }, 
            "sequence" : [
              {
                "randomize": [
                  {
                    "weight": 1,
                    "add": { "component_groups": [ "dwarf_skin_0" ] }
                  },
                  {
                    "weight": 1,
                    "add": { "component_groups": [ "dwarf_skin_1" ] }
                  },
                  {
                    "weight": 1,
                    "add": { "component_groups": [ "dwarf_skin_2" ] }
                  },
                  {
                    "weight": 1,
                    "add": { "component_groups": [ "dwarf_skin_3" ] }
                  },
                  {
                    "weight": 1,
                    "add": { "component_groups": [ "dwarf_skin_4" ] }
                  },
                  {
                    "weight": 1,
                    "add": { "component_groups": [ "dwarf_skin_5" ] }
                  }
                ]
              },
              {
                "filters": { 
                  "any_of": [
                    { "test": "has_biome_tag", "value": "desert" },
                    { "test": "has_biome_tag", "value": "mesa" }
                  ]
                },
                "add": { "component_groups": [ "desert_dwarf" ] }
              },
              {
                "filters": { "test": "has_biome_tag", "value": "jungle" },
                "add": { "component_groups": [ "jungle_dwarf" ] }
              },
              {
                "filters": { "test": "has_biome_tag", "value": "savanna" },
                "add": { "component_groups": [ "savanna_dwarf" ] }
              },
              {
                "filters": {
                  "any_of": [
                    { 
                      "all_of": [
                        { "test": "has_biome_tag", "value": "cold" },
                        { "test": "has_biome_tag", "operator": "!=", "value": "ocean" }
                      ]
                    },
                    { "test": "has_biome_tag", "value": "frozen" }
                  ]
                },
                "add": { "component_groups": [ "snow_dwarf" ] }
              },
              {
                "filters": { "test": "has_biome_tag", "value": "swamp" },
                "add": { "component_groups": [ "swamp_dwarf" ] }
              },
              {
                "filters": {
                  "all_of": [
                    {
                      "any_of": [
                        { "test": "has_biome_tag", "value": "taiga" },
                        { "test": "has_biome_tag", "value": "extreme_hills" }
                      ]
                    },
                    { "test": "has_biome_tag", "operator": "!=", "value": "cold" }
                  ]
                },
                "add": { "component_groups": [ "taiga_dwarf" ] }
              }
            ]
          }
        ]
      },

      "minecraft:entity_born": {
        "sequence": [
          {
            "filters": { "test": "has_component", "operator": "!=", "value": "minecraft:skin_id" },
            "randomize": [
              {
                "weight": 1,
                "add": { "component_groups": [ "dwarf_skin_0" ] }
              },
              {
                "weight": 1,
                "add": { "component_groups": [ "dwarf_skin_1" ] }
              },
              {
                "weight": 1,
                "add": { "component_groups": [ "dwarf_skin_2" ] }
              },
              {
                "weight": 1,
                "add": { "component_groups": [ "dwarf_skin_3" ] }
              },
              {
                "weight": 1,
                "add": { "component_groups": [ "dwarf_skin_4" ] }
              },
              {
                "weight": 1,
                "add": { "component_groups": [ "dwarf_skin_5" ] }
              }
            ]
          },
          {
            "add": { "component_groups": [ "baby", "unskilled", "child_schedule" ] }
          },
          {
            "filters": { "test": "has_biome_tag", "value": "desert" },
            "add": { "component_groups": [ "desert_dwarf" ] }
          },
          {
            "filters": { "test": "has_biome_tag", "value": "jungle" },
            "add": { "component_groups": [ "jungle_dwarf" ] }
          },
          {
            "filters": { "test": "has_biome_tag", "value": "savanna" },
            "add": { "component_groups": [ "savanna_dwarf" ] }
          },
          {
            "filters": {
              "any_of": [
                { "test": "has_biome_tag", "value": "cold" },
                { "test": "has_biome_tag", "value": "frozen" }
              ]
            },
            "add": { "component_groups": [ "snow_dwarf" ] }
          },
          {
            "filters": { "test": "has_biome_tag", "value": "swamp" },
            "add": { "component_groups": [ "swamp_dwarf" ] }
          },
          {
            "filters": { "test": "has_biome_tag", "value": "taiga" },
            "add": { "component_groups": [ "taiga_dwarf" ] }
          }
        ]
      },
        
      "minecraft:spawn_farmer": {
        "randomize": [
          {
            "weight": 5,
            "add": { "component_groups": [ "farmer", "adult", "behavior_peasant", "basic_schedule" ] },
            "remove": { "component_groups": [ "baby", "child_schedule" ] }
          },
          {
            "weight": 5,
            "add": { "component_groups": [ "fisherman", "adult", "behavior_peasant", "basic_schedule" ] },
            "remove": { "component_groups": [ "baby", "child_schedule" ] }
          },
          {
            "weight": 5,
            "add": { "component_groups": [ "shepherd", "adult", "behavior_peasant", "basic_schedule" ] },
            "remove": { "component_groups": [ "baby", "child_schedule" ] }
          },
          {
            "weight": 5,
            "add": { "component_groups": [ "fletcher", "adult", "behavior_peasant", "basic_schedule" ] },
            "remove": { "component_groups": [ "baby", "child_schedule" ] }
          },
          {
            "weight": 5,
            "add": { "component_groups": [ "mason", "adult", "behavior_non_peasant", "work_schedule" ] },
            "remove": { "component_groups": [ "baby", "child_schedule" ] }
          }
        ]
      },
      
      "minecraft:spawn_librarian": {
        "randomize": [
          {
            "weight": 20,
            "add": { "component_groups": [ "librarian", "adult", "behavior_non_peasant", "basic_schedule" ] },
            "remove": { "component_groups": [ "baby", "child_schedule" ] }
          },
          {
            "weight": 20,
            "add": { "component_groups": [ "cartographer", "behavior_non_peasant", "basic_schedule" ] },
            "remove": { "component_groups": [ "baby", "child_schedule" ] }
          }
        ]
      },
      
      "minecraft:spawn_cleric": {
        "add": { "component_groups": [ "cleric", "adult", "behavior_non_peasant", "basic_schedule" ] },
        "remove": { "component_groups": [ "baby", "child_schedule" ] }
      },
      
      "minecraft:spawn_armorer": {
        "randomize": [
          {
            "weight": 6,
            "add": { "component_groups": [ "armorer", "adult", "behavior_non_peasant", "basic_schedule" ] },
            "remove": { "component_groups": [ "baby", "child_schedule" ] }
          },
          {
            "weight": 6,
            "add": { "component_groups": [ "weaponsmith", "adult", "behavior_non_peasant", "basic_schedule" ] },
            "remove": { "component_groups": [ "baby", "child_schedule" ] }
          },
          {
            "weight": 6,
            "add": { "component_groups": [ "toolsmith", "adult", "behavior_non_peasant", "basic_schedule" ] },
            "remove": { "component_groups": [ "baby", "child_schedule" ] }
          }
        ]
      },
      
      "minecraft:spawn_butcher": {
        "randomize": [
          {
            "weight": 10,
            "add": { "component_groups": [ "butcher", "adult", "behavior_non_peasant", "basic_schedule" ] },
            "remove": { "component_groups": [ "baby", "child_schedule" ] }
          },
          {
            "weight": 10,
            "add": { "component_groups": [ "leatherworker", "adult", "behavior_non_peasant", "basic_schedule" ] },
            "remove": { "component_groups": [ "baby", "child_schedule" ] }
          }
        ]
      },
      
      "minecraft:ageable_grow_up": {
        "randomize": [
          {
            "weight": 10,
            "remove": { "component_groups": [ "baby", "child_schedule" ] },
            "add": { "component_groups": [ "adult", "nitwit", "behavior_peasant", "jobless_schedule" ] }
          },
          {
            "weight": 90,
            "remove": { "component_groups": [ "baby", "child_schedule" ] },
            "add": { "component_groups": [ "adult", "unskilled", "behavior_peasant", "basic_schedule" ] }
          }
        ]
      },

      "minecraft:become_unskilled": {
        "remove": { "component_groups": [ "baby", "child_schedule", "job_specific_goals", "trade_components" ] },
        "add": { "component_groups": [ "adult", "unskilled", "behavior_peasant", "basic_schedule" ] }
      },
      
      "minecraft:become_cleric": {
        "remove": { "component_groups": [ "baby", "child_schedule", "job_specific_goals", "trade_components" ] },
        "add": { "component_groups": [ "cleric", "adult", "behavior_non_peasant", "work_schedule" ] }
      },
      
      "minecraft:become_farmer": {
        "remove": { "component_groups": [ "baby", "child_schedule", "job_specific_goals", "trade_components" ] },
        "add": { "component_groups": [ "farmer", "adult", "behavior_peasant", "farmer_schedule" ] }
      },
      
      "minecraft:become_fisherman": {
        "remove": { "component_groups": [ "baby", "child_schedule", "job_specific_goals", "trade_components" ] },
        "add": { "component_groups": [ "fisherman", "adult", "behavior_non_peasant", "fisher_schedule" ] }
      },
      
      "minecraft:become_fletcher": {
        "remove": { "component_groups": [ "baby", "child_schedule", "job_specific_goals", "trade_components" ] },
        "add": { "component_groups": [ "fletcher", "adult", "behavior_non_peasant", "work_schedule" ] }
      },
      
      "minecraft:become_librarian": {
        "remove": { "component_groups": [ "baby", "child_schedule", "job_specific_goals", "trade_components" ] },
        "add": { "component_groups": [ "librarian", "adult", "behavior_non_peasant", "librarian_schedule" ] }
      },
      
      "minecraft:become_cartographer": {
        "remove": { "component_groups": [ "baby", "child_schedule", "job_specific_goals", "trade_components" ] },
        "add": { "component_groups": [ "cartographer", "adult", "behavior_non_peasant", "work_schedule" ] }
      },
      
      "minecraft:become_armorer": {
        "remove": { "component_groups": [ "baby", "child_schedule", "job_specific_goals", "trade_components" ] },
        "add": { "component_groups": [ "armorer", "adult", "behavior_non_peasant", "work_schedule" ] }
      },
      
      "minecraft:become_weaponsmith": {
        "remove": { "component_groups": [ "baby", "child_schedule", "job_specific_goals", "trade_components" ] },
        "add": { "component_groups": [ "weaponsmith", "adult", "behavior_non_peasant", "work_schedule" ] }
      },
      
      "minecraft:become_toolsmith": {
        "remove": { "component_groups": [ "baby", "child_schedule", "job_specific_goals", "trade_components" ] },
        "add": { "component_groups": [ "toolsmith", "adult", "behavior_non_peasant", "work_schedule" ] }
      },
      
      "minecraft:become_butcher": {
        "remove": { "component_groups": [ "baby", "child_schedule", "job_specific_goals", "trade_components" ] },
        "add": { "component_groups": [ "butcher", "adult", "behavior_non_peasant", "work_schedule" ] }
      },
      
      "minecraft:become_leatherworker": {
        "remove": { "component_groups": [ "baby", "child_schedule", "job_specific_goals", "trade_components" ] },
        "add": { "component_groups": [ "leatherworker", "adult", "behavior_non_peasant", "work_schedule" ] }
      },
      
      "minecraft:become_sheperd": {
        "remove": { "component_groups": [ "baby", "child_schedule", "job_specific_goals", "trade_components" ] },
        "add": { "component_groups": [ "shepherd", "adult", "behavior_non_peasant", "work_schedule" ] }
      },
      
      "minecraft:become_mason": {
        "remove": { "component_groups": [ "baby", "child_schedule", "job_specific_goals", "trade_components" ] },
        "add": { "component_groups": [ "mason", "adult", "behavior_non_peasant", "work_schedule" ] }
      },
      
      
      "minecraft:schedule_wander_dwarf": {
        "remove": { "component_groups": [ "home_schedule_dwarf", "bed_schedule_dwarf", "wander_schedule_dwarf", "job_specific_goals", "play_schedule_dwarf", "trade_resupply_component_group" ] },
        "add": { "component_groups": [ "wander_schedule_dwarf" ] }
      },
      
      "minecraft:schedule_gather_dwarf": {
        "remove": { "component_groups": [ "bed_schedule_dwarf", "wander_schedule_dwarf", "home_schedule_dwarf", "job_specific_goals", "play_schedule_dwarf", "trade_resupply_component_group" ] },
        "add": { "component_groups": [ "gather_schedule_dwarf" ] }
      },
      
      "minecraft:schedule_home_dwarf": {
        "remove": { "component_groups": [ "bed_schedule_dwarf", "wander_schedule_dwarf", "gather_schedule_dwarf", "job_specific_goals", "play_schedule_dwarf", "trade_resupply_component_group" ] },
        "add": { "component_groups": [ "home_schedule_dwarf" ] }
      },
      
      "minecraft:schedule_bed_dwarf": {
        "remove": { "component_groups": [ "home_schedule_dwarf", "gather_schedule_dwarf", "wander_schedule_dwarf", "job_specific_goals", "play_schedule_dwarf", "trade_resupply_component_group" ] },
        "add": { "component_groups": [ "bed_schedule_dwarf" ] }
      },
      
      "minecraft:schedule_play_dwarf": {
        "remove": { "component_groups": [ "home_schedule_dwarf", "gather_schedule_dwarf", "wander_schedule_dwarf", "bed_schedule_dwarf", "job_specific_goals", "trade_resupply_component_group" ] },
        "add": { "component_groups": [ "play_schedule_dwarf" ] }
      },
      
      "minecraft:schedule_work_pro_dwarf": {
        "remove": { "component_groups": [ "home_schedule_dwarf", "gather_schedule_dwarf", "wander_schedule_dwarf", "bed_schedule_dwarf", "play_schedule_dwarf" ] },
        "add": { "component_groups": [ "work_schedule_dwarf" ] }
      },
      
      "minecraft:schedule_work_farmer": {
        "remove": { "component_groups": [ "home_schedule_dwarf", "gather_schedule_dwarf", "wander_schedule_dwarf", "bed_schedule_dwarf", "job_specific_goals", "play_schedule_dwarf" ] },
        "add": { "component_groups": [ "work_schedule_farmer" ] }
      },
      
      "minecraft:schedule_work_fisher": {
        "remove": { "component_groups": [ "home_schedule_dwarf", "gather_schedule_dwarf", "wander_schedule_dwarf", "bed_schedule_dwarf", "job_specific_goals", "play_schedule_dwarf" ] },
        "add": { "component_groups": [ "work_schedule_fisher" ] }
      },

      "minecraft:schedule_work_librarian": {
        "remove": { "component_groups": [ "home_schedule_dwarf", "gather_schedule_dwarf", "wander_schedule_dwarf", "bed_schedule_dwarf", "job_specific_goals", "play_schedule_dwarf" ] },
        "add": { "component_groups": [ "work_schedule_librarian" ] }
      },
      "minecraft:resupply_trades": {
        "add": { "component_groups": [ "trade_resupply_component_group" ] }
      }
    }
  }
}