{
    "format_version": "1.21.90",
    "minecraft:entity": {
        "description": {
            "identifier": "mythicalcreatures:goblin",
            "is_spawnable": true,
            "is_summonable": true,
            "properties": {
                "mythicalcreatures:goblin_state": {
                    "type": "enum",
                    "values": [ "idle", "look_around", "scratch_ear" ],
                    "default": "idle",
                    "client_sync": true
                }
            },
            "scripts": {
                "animate": [
                    "goblin"
                ]
            },
            "animations": {
                "goblin": "controller.animation.goblin"
            }
        },

        "component_groups": {
            "goblin_idle_timer": {
                "minecraft:timer": {
                    "looping": true,
                    "time": [ 8, 12 ],
                    "randomInterval": true,
                    "time_down_event": {
                        "event": "goblin_do_idle_anim",
                        "target": "self"
                    }
                }
            },

            "goblin_looking": {
                "minecraft:timer": {
                    "looping": false,
                    "time": 4,
                    "time_down_event": {
                        "event": "goblin_reset_idle",
                        "target": "self"
                    }
                }
            },

            "goblin_scratching": {
                "minecraft:timer": {
                    "looping": false,
                    "time": 5,
                    "time_down_event": {
                        "event": "goblin_reset_idle",
                        "target": "self"
                    }
                }
            },

            "goblin_animation_reset": {
                "minecraft:environment_sensor": {
                    "triggers": [
                        {
                            "filters": {
                                "test": "is_moving", "subject": "self", "operator": "==", "value": true
                            },
                            "event": "goblin_reset_idle"
                        }
                    ]
                }
            },

            "bombchucker": {
                "minecraft:behavior.ranged_attack": {
                    "priority": 0,
                    "attack_interval_min": 1.0,
                    "attack_interval_max": 1.0,
                    "attack_radius": 8.0
                },
                "minecraft:shooter": {
                    "def": "mythicalcreatures:dynamite_projectile"
                },
                "minecraft:equipment": {
                    "table": "loot_tables/entities/bombchucker_gear.json"
                }
            },

            "gobbow": {
                "minecraft:behavior.ranged_attack": {
                    "priority": 0,
                    "attack_interval_min": 1.0,
                    "attack_interval_max": 3.0,
                    "attack_radius": 15.0
                },
                "minecraft:shooter": {
                    "def": "minecraft:arrow",
                    "sound": "bow"
                },
                "minecraft:equipment": {
                    "table": "loot_tables/entities/gobbow_gear.json"
                }
            },

            "rocklobba": {
                "minecraft:behavior.ranged_attack": {
                    "priority": 0,
                    "attack_interval_min": 1.0,
                    "attack_interval_max": 3.0,
                    "attack_radius": 15.0
                },
                "minecraft:shooter": {
                    "def": "mythicalcreatures:pebble_projectile"
                },
                "minecraft:equipment": {
                    "table": "loot_tables/entities/rocklobba_gear.json"
                }
            },

            "shakyshot": {
                
            },

            "firebelcher": {
                
            },

            "pikepusher": {

            },

            "knifestabber": {

            },

            "shieldlug": {

            },

            "drumhowla": {

            },

            "hornshriek": {

            }
        },

        "components": {
            "minecraft:is_hidden_when_invisible": {
            },

            "minecraft:nameable": {
            },

            "minecraft:type_family": {
                "family": [ "goblin", "greenskin", "mob" ]
            },

            "minecraft:breathable": {
                "totalSupply": 15,
                "suffocateTime": 0
            },

            "minecraft:collision_box": {
                "width": 0.6,
                "height": 1.5
            },

            "minecraft:navigation.walk": {
                "can_path_over_water": true,
                "avoid_water": true,
                "avoid_damage_blocks": true
            },

            "minecraft:movement.basic": {
            },

            "minecraft:jump.static": {
            },

            "minecraft:can_climb": {
            },
            
            "minecraft:health": {
                "value": 20,
                "max": 20
            },

            "minecraft:hurt_on_condition": {
                "damage_conditions": [
                {
                    "filters": { "test": "in_lava", "subject": "self" },
                    "cause": "lava",
                    "damage_per_tick": 4
                }
                ]
            },

            "minecraft:movement": {
                "value": 0.3
            },

            "minecraft:attack": {
                "damage": 2
            },

            "minecraft:despawn": {
                "despawn_from_distance": {}
            },

            "minecraft:behavior.float": {
                "priority": 0
            },

            "minecraft:behavior.random_stroll": {
                "priority": 7,
                "speed_multiplier": 1
            },

            "minecraft:behavior.look_at_player": {
                "priority": 8,
                "look_distance": 6,
                "probability": 0.02
            },

            "minecraft:behavior.random_look_around": {
                "priority": 9
            },

            "minecraft:physics": {
            },

            "minecraft:pushable": {
                "is_pushable": true,
                "is_pushable_by_piston": true
            },

            "minecraft:conditional_bandwidth_optimization": {
            }
        },

        "events": {
            "minecraft:entity_spawned": {
                "sequence": [
                    {
                        "add": {
                            "component_groups": [
                                "goblin_idle_timer",
                                "goblin_animation_reset"
                            ]
                        }
                    },
                    {
                        "randomize": [
                            {
                                "weight": 1,
                                "add": {
                                    "component_groups": [
                                        "bombchucker"
                                    ]
                                }
                            },
                            {
                                "weight": 1,
                                "add": {
                                    "component_groups": [
                                        "gobbow"
                                    ]
                                }
                            },
                            {
                                "weight": 1,
                                "add": {
                                    "component_groups": [
                                        "rocklobba"
                                    ]
                                }
                            }
                        ]
                    }
                ]
            },
            "goblin_do_idle_anim": {
                "sequence": [
                    {
                        "randomize": [
                            {
                                "weight": 1,
                                "set_property": {
                                    "mythicalcreatures:goblin_state": "idle"
                                },
                                "add": {
                                    "component_groups": [
                                        "goblin_idle_timer"
                                    ]
                                },
                                "remove": {
                                    "component_groups": [
                                        "goblin_looking",
                                        "goblin_scratching"
                                    ]
                                }
                            },
                            {
                                "weight": 1,
                                "set_property": {
                                    "mythicalcreatures:goblin_state": "look_around"
                                },
                                "add": {
                                    "component_groups": [
                                        "goblin_looking"
                                    ]
                                },
                                "remove": {
                                    "component_groups": [
                                        "goblin_idle_timer"
                                    ]
                                } 
                            },
                            {
                                "weight": 1,
                                "set_property": {
                                    "mythicalcreatures:goblin_state": "scratch_ear"
                                },
                                "add": {
                                    "component_groups": [
                                        "goblin_scratching"
                                    ]
                                },
                                "remove": {
                                    "component_groups": [
                                        "goblin_idle_timer"
                                    ]
                                } 
                            }
                        ]
                    }
                ]
            },
            "goblin_reset_idle": {
                "set_property": {
                    "mythicalcreatures:goblin_state": "idle"
                },
                "add": {
                    "component_groups": [
                        "goblin_idle_timer"
                    ]
                },
                "remove": {
                    "component_groups": [
                        "goblin_looking",
                        "goblin_scratching"
                    ]
                }
            }
        }
    }
}