{
  "format_version": "1.16.0",
  "minecraft:entity": {
    "description": {
      "identifier": "mythicalcreatures:mermaid",
      "is_spawnable": true,
      "is_summonable": true,
      "is_experimental": false
    },

    "component_groups": {
      "mermaid_in_water": {
        "minecraft:behavior.random_swim": {
          "priority": 7,
          "interval": 0,
          "xz_dist": 30,
          "y_dist": 15
        },
        "minecraft:collision_box": {
          "width": 0.8,
          "height": 0.8
        },
        "minecraft:environment_sensor": {
          "triggers": [
            {
              "filters": {
                "all_of": [
                  {
                    "test": "on_ground",
                    "operator": "==",
                    "value": true
                  },
                  {
                    "test": "in_water",
                    "operator": "!=",
                    "value": true
                  }
                ]
              },
              "event": "navigation_on_land"
            }
          ]
        }
      },
      
      "mermaid_on_land": {
        "minecraft:behavior.random_stroll": {
          "priority": 9,
          "interval": 100
        },
        "minecraft:collision_box": {
          "width": 0.8,
          "height": 1.8
        },
        "minecraft:environment_sensor": {
          "triggers": [
            {
              "filters": {
                "all_of": [
                  {
                    "test": "on_ground",
                    "operator": "!=",
                    "value": true
                  },
                  {
                    "test": "in_water",
                    "operator": "==",
                    "value": true
                  }
                ]
              },
              "event": "navigation_in_water"
            }
          ]
        }
      },
      "mermaid_angry": {
        "minecraft:angry": {
          "duration": 25,
          "broadcast_anger": true,
          "broadcast_range": 16,
          "calm_event": {
            "event": "on_calm",
            "target": "self"
          }
        },
        "minecraft:on_target_acquired": {
        }
      },
      "come_back_to_home": {
        "minecraft:behavior.go_home": {
          "priority": 1,
          "speed_multiplier": 1.0,
          "interval": 700,
          "goal_radius": 4.0,
          "on_home": {
            "event": "on_home",
            "target": "self"
          }
        }
      }
    },
    "components": {
      "minecraft:is_hidden_when_invisible": {
      },
      "minecraft:experience_reward": {
        "on_death": "query.last_hit_by_player ? Math.Random(15,20) : 0"
      },
      "minecraft:nameable": {
      },
      "minecraft:type_family": {
        "family": [ "mermaid", "mob" ]
      },
      "minecraft:health": {
        "value": 20,
        "max": 20
      },
      "minecraft:hurt_on_condition": {
        "damage_conditions": [
          {
            "filters": { "test": "in_lava", "subject": "self", "operator": "==", "value": true },
            "cause": "lava",
            "damage_per_tick": 4
          }
        ]
      },
      "minecraft:follow_range": {
        "value": 1024
      },
      "minecraft:breathable": {
        "total_supply": 15,
        "suffocate_time": 0,
        "breathes_water": true,
        "breathes_air": true,
        "generates_bubbles": false
      },
      "minecraft:movement": {
        "value": 0.3
      },
      "minecraft:water_movement": {
        "drag_factor": 0.9
      },
      "minecraft:underwater_movement": {
        "value": 0.15
      },
      "minecraft:navigation.generic": {
        "is_amphibious": true,
        "can_path_over_water": false,
        "can_swim": true,
        "can_walk": true,
        "can_sink": false,
        "avoid_damage_blocks": true
      },
      "minecraft:movement.amphibious": {
        "max_turn": 5.0
      },
      "minecraft:jump.static": {
      },
      "minecraft:can_climb": {
      },
      "minecraft:attack": {
        "damage": 3
      },
      "minecraft:behavior.melee_attack": {
        "priority": 2,
        "track_target": true
      },
      "minecraft:home": {
      },"minecraft:behavior.look_at_player": {
        "priority": 8,
        "target_distance": 6.0,
        "probability": 1.0
      },
      "minecraft:behavior.random_look_around": {
        "priority": 7
      },
      "minecraft:behavior.hurt_by_target": {
        "priority": 1
      },
      "minecraft:on_target_acquired": {
        "event": "become_angry",
        "target": "self"
      },
      "minecraft:on_target_escape": {
        "event": "on_calm",
        "target": "self"
      },
      "minecraft:on_friendly_anger": {
        "event": "become_angry",
        "target": "self"
      },
      "minecraft:physics": {
      },
      "minecraft:pushable": {
        "is_pushable": true,
        "is_pushable_by_piston": true
      },
      "minecraft:conditional_bandwidth_optimization": {
      }
    },
    "events": {
      "minecraft:entity_spawned": {
        "add": {
          "component_groups": [
            "mermaid_on_land"
          ]
        }
      },
      "become_angry": {
        "add": {
          "component_groups": [
            "mermaid_angry"
          ]
        },
        "remove": {
          "component_groups": [
            "come_back_to_home"
          ]
        }
      },
      "on_calm": {
        "add": {
          "component_groups": [
            "come_back_to_home"
          ]
        },
        "remove": {
          "component_groups": [
            "mermaid_angry"
          ]
        }
      },
      "on_home": {
        "remove": {
          "component_groups": [
            "come_back_to_home"
          ]
        }
      },
      "navigation_on_land": {
        "add": {
          "component_groups": [
            "mermaid_on_land"
          ]
        }
      },
      "navigation_in_water": {
        "add": {
          "component_groups": [
            "mermaid_in_water"
          ]
        }
      }
    }
  }
}