{
  "format_version": "1.8.0",
  "minecraft:entity": {
    "description": {
      "identifier": "mythicalcreatures:minotaur",
      "is_spawnable": true,
      "is_summonable": true,
      "is_experimental": false,
      "scripts": {
        "animate": [
          "minotaur"
        ]
      },
      "animations": {
        "minotaur": "controller.animation.minotaur"
      }
    },

    "component_groups": {
      "melee_attack": {
        "minecraft:behavior.stomp_attack": {
          "priority": 1,
          "reach_multiplier": 2.0
        },
        "minecraft:movement": {
          "value": 0.3
        },
        "minecraft:behavior.random_stroll": {
          "priority": 6,
          "speed_multiplier": 1.0
        },
        "minecraft:behavior.look_at_player": {
          "priority": 7,
          "look_distance": 6,
          "angle_of_view_horizontal": 45,
          "probability": 1
        },
        "minecraft:behavior.look_at_entity": {
          "priority": 10,
          "look_distance": 8,
          "angle_of_view_horizontal": 45,
          "filters": {
            "test": "is_family",
            "subject": "other",
            "value": "mob"
          }
        },
        "minecraft:behavior.hurt_by_target": {
          "priority": 2,
          "entity_types": {
            "filters": {
              "test": "is_family",
              "subject": "other",
              "operator": "!=",
              "value": "creeper"
            }
          },
          "max_dist": 64
        },
        "minecraft:damage_sensor": {
          "triggers": [
            {
              "on_damage": {
                "filters": {
                  "any_of": [
                    { "test": "has_damage", "value": "attack" },
                    { "test": "has_damage", "value": "suffocation" }
                  ]
                },
                "event": "start_roar"
              },
              "deals_damage": true
            }
          ]
        }
      },
      "roar_attack": {
        "minecraft:behavior.knockback_roar": {
          "priority": 1,
          "duration": 1.5,
          "attack_time": 1,
          "knockback_damage": 10,
          "knocback_strength": 10,
          "knockback_range": 8,
          "knocback_filters": {
            "test": "is_family",
            "subject": "other",
            "operator": "!=",
            "value": "minotaur"
          },
          "damage_filters": {
            "test": "is_family",
            "subject": "other",
            "operator": "!=",
            "value": "minotaur"
          },
          "on_roar_end": {
            "event": "end_roar"
          },
          "cooldown_time": 0.1
        }
      }
    },

    "components": {
      "minecraft:experience_reward": {
        "on_death": "50"
      },
      "minecraft:breathable": {
        "total_supply": 15,
        "suffocate_time": 0
      },
      "minecraft:boss": {
        "should_darken_sky": true,
        "name": "Minotaur",
        "hud_range": 20
      },
      "minecraft:type_family": {
        "family": [ "minotaur", "monster" ]
      },
      "minecraft:scale": {
        "value": 2.0
      },
      "minecraft:nameable": {
      },
      "minecraft:collision_box": {
        "width": 1.0,
        "height": 2.0
      },
      "minecraft:loot": {
        "table": "loot_tables/entities/minotaur.json"
      },
      "minecraft:health": {
        "value": 300,
        "max": 300
      },
      "minecraft:hurt_on_condition": {
        "damage_conditions": [
          {
            "filters": { "test": "in_lava", "subject": "self", "operator": "==", "value": true },
            "cause": "lava",
            "damage_per_tick": 4
          }
        ]
      },
      "minecraft:behavior.float": {
        "priority": 0
      },
      "minecraft:navigation.walk": {
        "can_path_over_water": false,
        "avoid_water": true,
        "avoid_damage_blocks": true
      },
      "minecraft:movement.basic": {
        
      },
      "minecraft:jump.static": {
      },
      "minecraft:can_climb": {
      },
      "minecraft:attack": {
        "damage": {
          "range_min": 15,
          "range_max": 25
        }
      },
      "minecraft:behavior.nearest_attackable_target": {
        "priority": 1,
        "within_radius": 64,
        "entity_types": [
          {
            "filters": {
              "other_with_families": [
                "player",
                "villager",
                "irongolem",
                "snowgolem",
                "wandering_trader"
              ]
            },
            "max_dist": 64
          }
        ],
        "must_see": true
      },
      "minecraft:knockback_resistance": {
        "value": 0.8
      },
      "minecraft:behavior.move_towards_target": {
        "priority": 2,
        "speed_multiplier": 0.9,
        "within_radius": 32
      },
      "minecraft:physics": {
      },
      "minecraft:pushable": {
        "is_pushable": true,
        "is_pushable_by_piston": true
      }
    },

    "events": {
      "minecraft:entity_spawned": {
        "add": {
          "component_groups": [
            "melee_attack"
          ]
        }
      },
      "start_roar": {
        "remove": {
          "component_groups": [
            "melee_attack"
          ]
        },
        "add": {
          "component_groups": [
            "roar_attack"
          ]
        }
      },
      "end_roar": {
        "remove": {
          "component_groups": [
            "roar_attack"
          ]
        },
        "add": {
          "component_groups": [
            "melee_attack"
          ]
        }
      }
    }
  }
}