{
  "format_version": "1.16.0",
  "minecraft:entity": {
    "description": {
      "identifier": "mythicalcreatures:necromancer",
      "is_spawnable": true,
      "is_summonable": true,
      "is_experimental": false
    },

    "component_groups": {
      "necromancer_attack_day": {
        "minecraft:behavior.summon_entity": {
          "priority": 2,
  
          "summon_choices": [
            {
              "min_activation_range": 0.0,
              "max_activation_range": 15.0,
              "cooldown_time": 5.0,
              "weight": 2,
              "cast_duration": 2.0,
              "particle_color": "#02ff19",
              "start_sound_event": "cast.spell",
              "sequence": [
                {
                  "shape": "circle",
                  "target": "self",
                  "base_delay": 1.0,
                  "delay_per_summon": 0.0,
                  "num_entities_spawned": 5,
                  "entity_type": "minecraft:husk",
                  "sound_event": "prepare.summon"
                }
              ]
            }
          ]
        }
      },
      "necromancer_attack_night": {
        "minecraft:behavior.summon_entity": {
          "priority": 2,
  
          "summon_choices": [
            {
              "min_activation_range": 0.0,
              "max_activation_range": 15.0,
              "cooldown_time": 5.0,
              "weight": 3,
              "cast_duration": 2.0,
              "particle_color": "#02ff19",
              "start_sound_event": "cast.spell",
              "sequence": [
                {
                  "shape": "circle",
                  "target": "self",
                  "base_delay": 1.0,
                  "delay_per_summon": 0.0,
                  "num_entities_spawned": 5,
                  "entity_type": "minecraft:zombie",
                  "sound_event": "prepare.summon"
                }
              ]
            },
            {
              "min_activation_range": 0.0,
              "max_activation_range": 15.0,
              "cooldown_time": 5.0,
              "weight": 3,
              "cast_duration": 2.0,
              "particle_color": "#02ff19",
              "start_sound_event": "cast.spell",
              "sequence": [
                {
                  "shape": "circle",
                  "target": "self",
                  "base_delay": 1.0,
                  "delay_per_summon": 0.0,
                  "num_entities_spawned": 5,
                  "entity_type": "mythicalcreatures:warrior_skeleton",
                  "sound_event": "prepare.summon"
                }
              ]
            },
            {
              "min_activation_range": 16.0,
              "cooldown_time": 5.0,
              "weight": 3,
              "cast_duration": 2.0,
              "particle_color": "#02ff19",
              "start_sound_event": "cast.spell",
              "sequence": [
                {
                  "shape": "circle",
                  "target": "self",
                  "base_delay": 1.0,
                  "delay_per_summon": 0.0,
                  "num_entities_spawned": 5,
                  "entity_type": "minecraft:skeleton",
                  "sound_event": "prepare.summon"
                }
              ]
            },
            {
              "min_activation_range": 16.0,
              "cooldown_time": 5.0,
              "weight": 2,
              "cast_duration": 2.0,
              "particle_color": "#02ff19",
              "start_sound_event": "cast.spell",
              "sequence": [
                {
                  "shape": "circle",
                  "target": "self",
                  "base_delay": 1.0,
                  "delay_per_summon": 0.0,
                  "num_entities_spawned": 5,
                  "entity_type": "minecraft:stray",
                  "sound_event": "prepare.summon"
                }
              ]
            }
          ]
        }
      },
      "time_schedule": {
        "minecraft:scheduler": {
          "min_delay_secs": 0,
          "max_delay_secs": 0,
          "scheduled_events": [
            {
              "filters": [
                { "test": "is_daytime", "operator": "!=", "value": true }
              ],
              "event": "necromancer_configure_night"
            },
            {
              "filters": [
                { "test": "is_daytime", "operator": "==", "value": true }
              ],
              "event": "necromancer_configure_day"
            }
          ]
        }
      }
    },


    "components": {
      "minecraft:type_family": {
        "family": [ "necromancer", "monster" ]
      },

      "minecraft:breathable": {
        "total_supply": 15,
        "suffocate_time": 0
      },
      "minecraft:nameable": {
      },
      "minecraft:loot": {
        "table": "loot_tables/entities/necromancer.json"
      },
      "minecraft:health": {
        "value": 50,
        "max": 50
      },
      "minecraft:collision_box": {
        "width": 0.6,
        "height": 1.8
      },
      "minecraft:movement": {
        "value": 0.5
      },
      "minecraft:navigation.walk": {
        "can_path_over_water": true,
        "can_pass_doors": true,
        "can_open_doors": true,
        "avoid_water": true
      },
      "minecraft:movement.basic": {
      },
      "minecraft:jump.static": {
      },
      "minecraft:can_climb": {
      },
      "minecraft:behavior.float": {
        "priority": 0
      },
      "minecraft:behavior.avoid_mob_type": {
        "priority": 5,
        "entity_types": [
          {
            "filters": { "test" :  "is_family", "subject" : "other", "value" :  "player"},
            "max_dist": 8,
            "walk_speed_multiplier": 0.6,
            "sprint_speed_multiplier": 1.0
          }
        ]
      },
      "minecraft:behavior.random_stroll": {
        "priority": 8,
        "speed_multiplier": 0.6
      },
      "minecraft:behavior.nearest_attackable_target": {
        "priority": 2,
        "entity_types": [
          {
            "filters": {  
                "any_of": [
                  { "test" :  "is_family", "subject" : "other", "value" :  "player"},
                  { "test" :  "is_family", "subject" : "other", "value" :  "snowgolem"},
                  { "test" :  "is_family", "subject" : "other", "value" :  "irongolem"},
                  { "test" :  "is_family", "subject" : "other", "value" :  "wandering_trader"}
                ] 
            },
            "max_dist": 25
          },
          {
            "filters": {
              "all_of": [
                { "test": "is_family", "subject": "other", "value": "villager" },
                { "test": "has_component", "subject": "other", "operator": "!=", "value": "minecraft:is_baby" }
              ]
            },
            "max_dist": 20
          }
        ],
        "must_see": true
      },

      "minecraft:behavior.look_at_player": {
        "priority": 9,
        "look_distance": 3.0,
        "probability": 1.0
      },
      "minecraft:behavior.look_at_entity": {
        "priority": 10,
        "look_distance": 8.0,
        "filters": { "test" :  "is_family", "subject" : "other", "value" :  "mob" }
      },
      "minecraft:behavior.hurt_by_target": {
        "priority": 1
      },
      "minecraft:physics": {
      },
      "minecraft:follow_range": {
        "value": 64
      },
      "minecraft:pushable": {
        "is_pushable": true,
        "is_pushable_by_piston": true
      }
    },

    "events": {
      "minecraft:entity_spawned": {
        "add": {
          "component_groups": [
            "time_schedule"
          ]
        }
      },
      "necromancer_configure_day": {
        "add": {
          "component_groups": [
            "necromancer_attack_day"
          ]
        },
        "remove": {
          "component_groups": [
            "necromancer_attack_night"
          ]
        }
      },
      "necromancer_configure_night": {
        "add": {
          "component_groups": [
            "necromancer_attack_night"
          ]
        },
        "remove": {
          "component_groups": [
            "necromancer_attack_day"
          ]
        }
      }
    }
  }
}