{
  "format_version": "1.13.0",
  "minecraft:entity": {
    "description": {
      "identifier": "mythicalcreatures:orc",
      "is_spawnable": true,
      "is_summonable": true,
      "is_experimental": false
    },

    "component_groups": {},

    "components": {
      "minecraft:equipment": {
        "table": "loot_tables/entities/vindicator_gear.json"
      },
      "minecraft:breathable": {
        "total_supply": 15,
        "suffocate_time": 0
      },
      "minecraft:type_family": {
        "family": [ "orc", "monster" ]
      },
      "minecraft:nameable": {
      },
      "minecraft:collision_box": {
        "width": 1.2,
        "height": 2.7
      },
      "minecraft:loot": {
        "table": "loot_tables/entities/orc.json"
      },
      "minecraft:health": {
        "value": 40,
        "max": 40
      },
      "minecraft:hurt_on_condition": {
        "damage_conditions": [
          {
            "filters": { "test": "in_lava", "subject": "self", "operator": "==", "value": true },
            "cause": "lava",
            "damage_per_tick": 4
          }
        ]
      },
      "minecraft:movement": {
        "value": 0.25
      },
      "minecraft:navigation.walk": {
        "can_path_over_water": false,
        "avoid_water": true,
        "avoid_damage_blocks": true
      },
      "minecraft:movement.basic": {
        
      },
      "minecraft:jump.static": {
      },
      "minecraft:can_climb": {
      },
      "minecraft:attack": {
        "damage": {
          "range_min": 5,
          "range_max": 10
        }
      },
      "minecraft:knockback_resistance": {
        "value": 0.3
      },
      "minecraft:behavior.melee_attack": {
        "priority": 1,
        "track_target": true
      },
      "minecraft:behavior.move_towards_target": {
        "priority": 2,
        "speed_multiplier": 0.9,
        "within_radius": 32
      },
      "minecraft:behavior.random_stroll": {
        "priority": 6,
        "speed_multiplier": 0.6,
        "xz_dist": 16
      },
      "minecraft:behavior.look_at_player": {
        "priority": 7,
        "look_distance": 6.0,
        "probability": 0.02
      },
      "minecraft:behavior.random_look_around": {
        "priority": 8
      },
      "minecraft:behavior.nearest_attackable_target": {
        "priority": 2,
        "must_see": true,
        "reselect_targets": true,
        "within_radius": 25.0,
        "must_see_forget_duration": 17.0,
        "entity_types": [
          {
            "filters": {
              "any_of": [
                { "test": "is_family", "subject": "other", "value": "player" },
                { "test": "is_family", "subject": "other", "value": "snowgolem" },
                { "test": "is_family", "subject": "other", "value": "irongolem" }
              ]
            },
            "max_dist": 35
          },
          {
            "filters": {
              "any_of": [
                { "test": "is_family", "subject": "other", "value": "villager" },
                { "test": "is_family", "subject": "other", "value": "wandering_trader" },
                { "test": "is_family", "subject": "other", "value": "dwarf" }
              ]
            },
            "max_dist": 35,
            "must_see": false
          }
        ]
      },
      "minecraft:behavior.hurt_by_target": {
        "priority": 2,
        "entity_types": {
          "filters": { "test": "is_family", "subject": "other", "operator": "!=", "value": "orc" }
        }
      },
      "minecraft:behavior.float": {
        "priority": 2
      },
      "minecraft:persistent": {
      },
      "minecraft:physics": {
      },
      "minecraft:pushable": {
        "is_pushable": true,
        "is_pushable_by_piston": true
      },
      "minecraft:follow_range": {
        "value": 64
      },
      "minecraft:behavior.find_mount": {
        "priority": 1,
        "within_radius": 16,
        "start_delay": 15,
        "max_failed_attempts": 20
      }
    },

    "events": {
    }
  }
}