{
    "format_version": "1.21.90",
    "minecraft:entity": {
        "description": {
            "identifier": "mythicalcreatures:pebble_projectile",
            "runtime_identifier": "minecraft:snowball",
            "is_spawnable": false,
            "is_summonable": false
        },

        "components": {
            "minecraft:collision_box": {
                "width": 0.4,
                "height": 0.3
            },
            "minecraft:scale": {
                "value": 0.8
            },
            "minecraft:projectile": {
                "on_hit": {
                    "impact_damage": {
                        "damage": [ 1, 4 ],
                        "knockback": true,
                        "semi_random_diff_damage": false,
                        "destroy_on_hit": true
                    },
                    "remove_on_hit": { }
                },
                "hit_sound": "break",
                "anchor": 1,
                "power": 1.5,
                "gravity": 0.03,
                "uncertainty_base": 16,
                "uncertainty_multiplier": 4,
                "angle_offset": 0.0,
                "offset": [ 0, -0.1, 0 ]
            },
            "minecraft:physics": {
            },
            "minecraft:pushable": {
                "is_pushable": true,
                "is_pushable_by_piston": true
            },
            "minecraft:conditional_bandwidth_optimization": {
                "default_values": {
                    "max_optimized_distance": 100.0,
                    "max_dropped_ticks": 7,
                    "use_motion_prediction_hints": true 
                }
            }
        }
    }
}