{
  "format_version": "1.13.0",
  "minecraft:entity": {
    "description": {
      "identifier": "mythicalcreatures:wendigo",
      "is_spawnable": true,
      "is_summonable": true,
      "is_experimental": false
    },

    "component_groups": {
      "black": {
        "minecraft:variant": {
          "value": 0
        }
      },
      "brown": {
        "minecraft:variant": {
          "value": 1
        }
      },
      "white": {
        "minecraft:variant": {
          "value": 2
        }
      },
      "roaring": {
        "minecraft:behavior.knockback_roar": {
          "priority": 1,
          "duration": 4,
          "attack_time": 0.5,
          "knockback_damage": 6,
          "knockback_strength": 3,
          "knockback_range": 4,
          "knockback_filters": {
            "test": "is_family",
            "subject": "other",
            "operator": "!=",
            "value": "wendigo"
          },
          "damage_filters": {
            "test": "is_family",
            "subject": "other",
            "operator": "!=",
            "value": "wendigo"
          },
          "on_roar_end": {
            "event": "minecraft:end_roar"
          },
          "cooldown_time": 0.1
        }
      }
    },

    "components": {
      "minecraft:experience_reward": {
        "on_death": "query.last_hit_by_player ? 20 : 0"
      },
      "minecraft:behavior.float": {
        "priority": 0
      },
      "minecraft:ravager_blocked": {
        "knockback_strength": 0.0,
        "reaction_choices": [
          {
            "weight": 1,
            "value": {
              "event": "minecraft:start_roar",
              "target": "self"
            }
          }
        ]
      },
      "minecraft:type_family": {
        "family": [ "wendigo", "monster" ]
      },
      "minecraft:nameable": {
      },
      "minecraft:collision_box": {
        "width": 1.4,
        "height": 2.8
      },
      "minecraft:loot": {
        "table": ""
      },
      "minecraft:health": {
        "value": 50,
        "max": 50
      },
      "minecraft:hurt_on_condition": {
        "damage_conditions": [
          {
            "filters": { "test": "in_lava", "subject": "self", "operator": "==", "value": true },
            "cause": "lava",
            "damage_per_tick": 4
          }
        ]
      },
      "minecraft:movement": {
        "value": 0.25
      },
      "minecraft:navigation.walk": {
        "can_path_over_water": false,
        "avoid_water": true,
        "avoid_damage_blocks": true
      },
      "minecraft:movement.basic": {
        
      },
      "minecraft:jump.static": {
      },
      "minecraft:can_climb": {
      },
      "minecraft:attack": {
        "damage": 10
      },
      "minecraft:breathable": {
        "suffocate_time": 0,
        "total_supply": 15
      },
      "minecraft:behavior.melee_attack": {
        "priority": 1,
        "track_target": true
      },
      "minecraft:behavior.move_towards_target": {
        "priority": 2,
        "speed_multiplier": 0.9,
        "within_radius": 32
      },
      "minecraft:behavior.random_stroll": {
        "priority": 6,
        "speed_multiplier": 0.6,
        "xz_dist": 16
      },
      "minecraft:behavior.look_at_player": {
        "priority": 7,
        "look_distance": 6.0,
        "probability": 0.02
      },
      "minecraft:behavior.random_look_around": {
        "priority": 8
      },
      "minecraft:behavior.nearest_attackable_target": {
        "priority": 1,
        "within_radius": 64,
        "entity_types": [
          {
            "filters": {
              "other_with_families": [
                "player",
                "villager",
                "irongolem",
                "snowgolem",
                "wandering_trader"
              ]
            },
            "max_dist": 64
          }
        ],
        "must_see": true
      },
      "minecraft:behavior.hurt_by_target": {
        "priority": 2
      },
      "minecraft:persistent": {
      },
      "minecraft:physics": {
      },
      "minecraft:pushable": {
        "is_pushable": true,
        "is_pushable_by_piston": true
      },
      "minecraft:follow_range": {
        "value": 64
      },
      "minecraft:conditional_bandwidth_optimization": {
      },
      "minecraft:despawn": {
        "despawn_from_distance": {}
      }
    },

    "events": {
      "minecraft:entity_spawned": {
        "sequence": [
          {
            "randomize": [
              {
                "weight": 1,
                "add": {
                  "component_groups": [
                    "black"
                  ]
                }
              },
              {
                "weight": 1,
                "add": {
                  "component_groups": [
                    "brown"
                  ]
                }
              },
              {
                "weight": 1,
                "add": {
                  "component_groups": [
                    "white"
                  ]
                }
              }
            ]
          }
        ]
      },
      "minecraft:start_roar": {
        "add": {
          "component_groups": [
            "roaring"
          ]
        }
      },
      "minecraft:end_roar": {
        "remove": {
          "component_groups": [
            "roaring"
          ]
        }
      }
    }
  }
}