{
  "format_version": "1.8.0",
  "minecraft:entity": {
    "description": {
      "identifier": "mythicalcreatures:wereman",
      "is_spawnable": true,
      "is_summonable": true,
      "is_experimental": false
    },

    "component_groups": {
      "black": {
        "minecraft:type_family": {
          "family": [ "black" ]
        },
        "minecraft:variant": {
          "value": 0
        }
      },
      "brown": {
        "minecraft:type_family": {
          "family": [ "brown" ]
        },
        "minecraft:variant": {
          "value": 1
        }
      },
      "white": {
        "minecraft:type_family": {
          "family": [ "white" ]
        },
        "minecraft:variant": {
          "value": 2
        }
      },
      "time_schedule": {
        "minecraft:scheduler": {
          "scheduled_events": [
            {
              "scheduled_event": {
                "filters": {
                  "all_of": [
                    { "test": "is_daytime", "operator": "!=", "value": true }
                  ]
                },
                "event": "transform_to_werewolf"
              }
            },
            {
              "scheduled_event": {
                "filters":{
                  "all_of": [
                    { "test": "is_daytime", "operator": "==", "value": true }
                  ]
                },
                "event": "stop_transform_to_werewolf"
              }
            }
          ]
        }
      },
      "become_werewolf": {
        "minecraft:transformation": {
          "into": "mythicalcreatures:werewolf",
          "delay": 5.0
        },
        "minecraft:damage_over_time": {
          "damagePerHurt": 1,
          "timeBetweenHurt": 0
        }
      },
      "trader": {
        "minecraft:behavior.trade_interest": {
          "priority": 5,
          "within_radius": 6.0,
          "interest_time": 45.0,
          "remove_item_time": 1.0,
          "carried_item_switch_time": 2.0,
          "cooldown": 2.0
        },
        "minecraft:economy_trade_table": {
          "display_name": "entity.wereman.name",
          "table": "trading/economy_trades/farmer_trades.json",
          "new_screen": true,
          "persist_trades": true
        },
        "minecraft:behavior.look_at_trading_player": {
          "priority": 7
        },
        "minecraft:behavior.trade_with_player": {
          "priority": 2
        }
      },
      "cure": {
        "minecraft:spell_effects": {
          "add_effects": [
            {
              "effect": "heal",
              "duration": 30
            }
          ]
        }
      }
    },

    "components": {
      "minecraft:breathable": {
        "total_supply": 15,
        "suffocate_time": 0
      },
      "minecraft:type_family": {
        "family": [ "infected_man" ]
      },
      "minecraft:nameable": {
      },
      "minecraft:collision_box": {
        "width": 0.6,
        "height": 1.8
      },
      "minecraft:loot": {
        "table": "loot_tables/entities/wereman.json"
      },
      "minecraft:health": {
        "value": 20,
        "max": 20
      },
      "minecraft:movement": {
        "value": 0.3
      },
      "minecraft:navigation.walk": {
        "can_path_over_water": true,
        "avoid_damage_blocks": true
      },
      "minecraft:movement.basic": {
        
      },
      "minecraft:jump.static": {
      },
      "minecraft:can_climb": {
      },
      "minecraft:behavior.float": {
        "priority": 0
      },
      "minecraft:attack": {
        "damage": 5
      },
      "minecraft:behavior.melee_attack": {
        "priority": 1,
        "target_dist": 1.0,
        "track_target": true,
        "speed_multiplier": 1.2
      },
      "minecraft:behavior.move_towards_target": {
        "priority": 2,
        "speed_multiplier": 0.9,
        "within_radius": 32
      },
      "minecraft:behavior.random_stroll": {
        "priority": 6,
        "speed_multiplier": 1,
        "xz_dist": 16
      },
      "minecraft:behavior.look_at_player": {
        "priority": 7,
        "look_distance": 6.0,
        "probability": 0.02
      },
      "minecraft:behavior.random_look_around": {
        "priority": 8
      },
      "minecraft:behavior.hurt_by_target": {
        "priority": 2
      },
      "minecraft:physics": {
      },
      "minecraft:follow_range": {
        "value": 64
      },
      "minecraft:pushable": {
        "is_pushable": true,
        "is_pushable_by_piston": true
      }
    },

    "events": {
      "minecraft:entity_spawned": {
        "sequence": [
          {
            "randomize": [
              {
                "weight": 4,
                "add": {
                  "component_groups": [
                    "black"
                  ]
                }
              },
              {
                "weight": 3,
                "add": {
                  "component_groups": [
                    "brown"
                  ]
                }
              },
              {
                "weight": 3,
                "add": {
                  "component_groups": [
                    "white"
                  ]
                }
              }
            ]
          },
          {
            "add": {
              "component_groups": [
                "time_schedule",
                "trader"
              ]
            }
          }
        ]
      },
      "transform_to_werewolf": {
        "remove": {
          "component_groups": [
            "trader",
            "cure"
          ]
        },
        "add": {
          "component_groups": [
            "become_werewolf"
          ]
        }
      },
      "stop_transform_to_werewolf": {
        "remove": {
          "component_groups": [
            "become_werewolf"
          ]
        },
        "add": {
          "component_groups": [
            "trader",
            "cure"
          ]
        }
      },
      "minecraft:entity_transformed": {
        "sequence": [
          {
            "filters": { "test": "has_component", "operator": "!=", "value": "minecraft:variant" },
            "sequence": [
              {
                "filters": { "test":"is_family", "subject": "other", "value": "black" },
                "add": { "component_groups": [ "black" ] }
              },
              {
                "filters": { "test":"is_family", "subject": "other", "value": "brown" },
                "add": { "component_groups": [ "brown" ] }
              },
              {
                "filters": { "test":"is_family", "subject": "other", "value": "white" },
                "add": { "component_groups": [ "white" ] }
              }
            ]
          },
          {
            "add": {
              "component_groups": [
                "time_schedule",
                "trader"
              ]
            }
          }
        ]
      }
    }
  }
}