{
  "format_version": "1.8.0",
  "minecraft:entity": {
    "description": {
      "identifier": "mythicalcreatures:werewolf",
      "is_spawnable": false,
      "is_summonable": true,
      "is_experimental": false
    },

    "component_groups": {
      "black": {
        "minecraft:type_family": {
          "family": [ "black" ]
        },
        "minecraft:variant": {
          "value": 0
        }
      },
      "brown": {
        "minecraft:type_family": {
          "family": [ "brown" ]
        },
        "minecraft:variant": {
          "value": 1
        }
      },
      "white": {
        "minecraft:type_family": {
          "family": [ "white" ]
        },
        "minecraft:variant": {
          "value": 2
        }
      },
      "werewolf_howl": {
        "minecraft:on_target_acquired": {},
        "minecraft:behavior.summon_entity": {
          "priority": 0,
          "summon_choices": [
            {
              "weight": 1,
              "cooldown_time": 60.0,
              "cast_duration": 5.0,
              "start_sound_event": "plop",
              "sequence": [
                {
                  "shape": "circle",
                  "target": "self",
                  "base_delay": 1.0,
                  "delay_per_summon": 0.0,
                  "num_entities_spawned": 0,
                  "entity_lifespan": 0.1,
                  "size": 0.01,
                  "entity_type": "minecraft:zombie",
                  "sound_event": "howl"
                }
              ]
            }
          ]
        }
      },
      "time_schedule": {
        "minecraft:scheduler": {
          "scheduled_events": [
            {
              "scheduled_event": {
                "filters": {
                  "all_of": [
                    { "test": "is_daytime", "operator": "!=", "value": true }
                  ]
                },
                "event": "stop_transform_to_wereman"
              }
            },
            {
              "scheduled_event": {
                "filters":{
                  "all_of": [
                    { "test": "is_daytime", "operator": "==", "value": true }
                  ]
                },
                "event": "transform_to_wereman"
              }
            }
          ]
        }
      },
      "become_wereman": {
        "minecraft:transformation": {
          "into": "mythicalcreatures:wereman",
          "delay": 10.0
        },
        "minecraft:damage_over_time": {
          "damagePerHurt": 1,
          "timeBetweenHurt": 0
        }
      },
      "cure": {
        "minecraft:spell_effects": {
          "add_effects": [
            {
              "effect": "heal",
              "duration": 30
            }
          ]
        }
      }
    },

    "components": {
      "minecraft:breathable": {
        "total_supply": 15,
        "suffocate_time": 0
      },
      "minecraft:type_family": {
        "family": [ "werewolf", "monster" ]
      },
      "minecraft:nameable": {
      },
      "minecraft:collision_box": {
        "width": 1,
        "height": 3.0
      },
      "minecraft:loot": {
        "table": "loot_tables/entities/werewolf.json"
      },
      "minecraft:health": {
        "value": 80,
        "max": 80
      },
      "minecraft:movement": {
        "value": 0.3
      },
      "minecraft:navigation.walk": {
        "can_path_over_water": true,
        "avoid_damage_blocks": true
      },
      "minecraft:movement.basic": {
        
      },
      "minecraft:jump.static": {
      },
      "minecraft:can_climb": {
      },
      "minecraft:behavior.float": {
        "priority": 0
      },
      "minecraft:attack": {
        "damage": 15
      },
      "minecraft:behavior.melee_attack": {
        "priority": 1,
        "target_dist": 1.0,
        "track_target": true,
        "speed_multiplier": 1.2
      },
      "minecraft:behavior.move_towards_target": {
        "priority": 2,
        "speed_multiplier": 0.9,
        "within_radius": 32
      },
      "minecraft:behavior.random_stroll": {
        "priority": 6,
        "speed_multiplier": 1,
        "xz_dist": 16
      },
      "minecraft:behavior.look_at_player": {
        "priority": 7,
        "look_distance": 6.0,
        "probability": 0.02
      },
      "minecraft:behavior.random_look_around": {
        "priority": 8
      },
      "minecraft:behavior.nearest_attackable_target": {
        "priority": 3,
        "entity_types": [
          {
            "filters": { 
                "any_of": [
                  { "test" :  "is_family", "subject" : "other", "value" :  "player"},
                  { "test" :  "is_family", "subject" : "other", "value" :  "villager"},
                  { "test" :  "is_family", "subject" : "other", "value" :  "iron_golem"},
                  { "test" :  "is_family", "subject" : "other", "value" :  "wandering_trader"}
                ] 
            }
          }
        ],
        "must_see": true,
        "must_reach": true
      },
      "minecraft:behavior.hurt_by_target": {
        "priority": 2
      },
      "minecraft:damage_sensor": [
        {
          "on_damage": {
            "filters": {
              "any_of": [
                {
                  "any_of": [
                    {
                      "all_of": [
                        {
                          "test": "is_family",
                          "subject": "other",
                          "value": "player"
                        },
                        {
                          "test": "is_family",
                          "subject": "other",
                          "value": "villager"
                        }
                      ]
                    },
                    {
                      "all_of": [
                        {
                          "test": "has_equipment",
                          "subject": "other",
                          "domain": "hand",
                          "operator": "!=",
                          "value": "golden_sword"
                        }
                      ]
                    }
                  ]
                }
              ]
            }
          },
          "deals_damage": false
        }
      ],
      "minecraft:physics": {
      },
      "minecraft:follow_range": {
        "value": 64
      },
      "minecraft:pushable": {
        "is_pushable": true,
        "is_pushable_by_piston": true
      }
    },

    "events": {
      "minecraft:entity_spawned": {
        "sequence": [
          {
            "randomize": [
              {
                "weight": 4,
                "add": {
                  "component_groups": [
                    "black"
                  ]
                }
              },
              {
                "weight": 3,
                "add": {
                  "component_groups": [
                    "brown"
                  ]
                }
              },
              {
                "weight": 3,
                "add": {
                  "component_groups": [
                    "white"
                  ]
                }
              }
            ]
          },
          {
            "add": {
              "component_groups": [
                "werewolf_howl",
                "time_schedule"
              ]
            }
          }
        ]
      },
      "transform_to_wereman": {
        "add": {
          "component_groups": [
            "become_wereman"
          ]
        },
        "remove": {
          "component_groups": [
            "cure"
          ]
        }
      },
      "stop_transform_to_wereman": {
        "remove": {
          "component_groups": [
            "become_wereman"
          ]
        },
        "add": {
          "component_groups": [
            "cure"
          ]
        }
      },
      "minecraft:entity_transformed": {
        "sequence": [
          {
            "filters": { "test": "has_component", "operator": "!=", "value": "minecraft:variant" },
            "sequence": [
              {
                "filters": { "test":"is_family", "subject": "other", "value": "black" },
                "add": { "component_groups": [ "black" ] }
              },
              {
                "filters": { "test":"is_family", "subject": "other", "value": "brown" },
                "add": { "component_groups": [ "brown" ] }
              },
              {
                "filters": { "test":"is_family", "subject": "other", "value": "white" },
                "add": { "component_groups": [ "white" ] }
              }
            ]
          },
          {
            "add": {
              "component_groups": [
                "werewolf_howl",
                "time_schedule"
              ]
            }
          }
        ]
      }
    }
  }
}