{
  "format_version": "1.12.0",
 "minecraft:entity": {
  "description": {
    "identifier": "kesamasi:wyvern_bullet",
    "runtime_identifier": "minecraft:arrow",
    "is_spawnable": false,
    "is_summonable": false,
    "is_experimental": false
  },

  "components": {
    "minecraft:collision_box": {
     "width": 0.31,
     "height": 0.31
    },
    "minecraft:projectile": {
 
     "on_hit": {
       "impact_damage": {
         "damage": 5,
         "knockback": false,
         "semi_random_diff_damage": false
       },
       "mob_effect": {
        "effect": "fatal_poison",
        "durationeasy": 200,
        "durationnormal": 200,
        "durationhard": 200,
        "amplifier": 1
      },
       "remove_on_hit": { }
     },
     "power": 1.3,
     "gravity": 0.00,
     "inertia": 1,
     "liquid_inertia": 1,
     "anchor": 2,
     "offset": [ 0, 0, 0 ],
     "semi_random_diff_damage": true,
     "uncertainty_base": 10.0,
     "reflect_on_hurt": false
    },
    "minecraft:physics": {
    },
    "minecraft:pushable": {
     "is_pushable": true,
     "is_pushable_by_piston": true
    },
    "minecraft:conditional_bandwidth_optimization": {
     "default_values": {
       "max_optimized_distance": 80.0,
       "max_dropped_ticks": 10,
       "use_motion_prediction_hints": true
     }
    }
   }
  }
} 