{
  "format_version": "1.10.0",
  "animation_controllers": {
    "controller.animation.wendigo.setup": {
      "states": {
        "default": {
          "animations": [
            "look_at_target",
            "setup"
          ]
        }
      }
    },
    "controller.animation.wendigo.move": {
      "states": {
        "default": {
          "animations": [ 
            {
              "walk": "query.modified_move_speed"
            }
           ]
        }
      }
    },
    "controller.animation.wendigo.roaring": {
      "states": {
        "default": {
          "transitions": [
            {
              "roaring": "query.is_roaring == 1"
            }
          ]
        },
        "roaring": {
          "animations": [
            "roar"
          ],
          "transitions": [
            {
              "default": "query.is_roaring == 0"
            }
          ]
        }
      }
    }
  }
}