{
  "format_version":"1.10.0",
  "animation_controllers": {
    "controller.animation.new.wyvern.setup": {
      "states": {
        "default": {
          "animations": [
            "look_at_target"
          ]
        }
      }
    },
    "controller.animation.new.wyvern.move": {
      "states": {
        "default": {
          "animations": [
            {
              "walk": "query.is_on_ground * query.modified_move_speed"
            },
            "setup"
          ],
          "transitions": [
            {
              "fly": "!query.is_on_ground && query.head_x_rotation(0) < 0 && query.ground_speed > 4"
            },
            {
              "glide": "!query.is_on_ground && query.head_x_rotation(0) >= 0 && query.ground_speed > 4"
            }
          ],
          "blend_transition": 0.5
        },
        "fly": {
          "animations": [
            "flying",
            "fly_rotation",
            "fly_sound"
          ],
          "transitions": [
            {
              "default": "query.is_on_ground"
            },
            {
              "glide": "!query.is_on_ground && query.head_x_rotation(0) >= 0 && query.ground_speed > 4"
            }
          ],
          "blend_transition": 0.5
        },
        "glide": {
          "animations": [
            "fly_open",
            "fly_rotation",
            "fly_sound"
          ],
          "transitions": [
            {
              "default": "query.is_on_ground"
            },
            {
              "fly": "!query.is_on_ground && query.head_x_rotation(0) < 0 && query.ground_speed > 4"
            }
          ],
          "blend_transition": 0.5
        }
      }
    },
    "controller.animation.new.wyvern.attack": {
			"initial_state" : "default",
      "states": {
        "attack": {
          "animations": [
            "attacking"
          ],
          "transitions": [
            {
              "default": "query.all_animations_finished"
            }
          ]
        },
        "poison_breath": {
          "animations": [
            "poison_breath_attack"
          ],
          "transitions": [
            {
              "default": "!variable.has_target"
            }
          ],
          "blend_transition": 0.5
        },
        "default": {
          "transitions": [
            {
              "attack": "variable.attack > 0"
            },
            {
              "poison_breath": "variable.has_target && query.is_stackable"
            }
          ],
          "blend_transition": 0.5
        }
      }
    },
    "controller.animation.new.wyvern.sitting": {
      "states": {
        "default": {
          "transitions": [
            {
              "sitting": "query.is_sitting"
            }
          ],
          "blend_transition": 0.5
        },
        "sitting": {
          "animations": [
            "sit"
          ],
          "transitions": [
            {
              "default": "!query.is_sitting"
            }
          ],
          "blend_transition": 0.5
        }
      }
    },
    "controller.animation.new.wyvern.sleeping": {
      "initial_state" : "default",
      "states": {
        "default": {
          "animations": [
            "blink"
          ],
          "transitions": [
            {
              "sleeping": "query.is_sleeping"
            }
          ],
          "blend_transition": 0.5
        },
        "sleeping": {
          "animations": [
            "sleep"
          ],
          "transitions": [
            {
              "default": "!query.is_sleeping"
            }
          ],
          "blend_transition": 0.5
        }
      }
    }
  }
}