{
  "format_version": "1.8.0",
  "minecraft:spawn_rules": {
    "description": {
      "identifier": "kesamasi:orco",
      "population_control": "monster"
    },
    "conditions": [
      {
        "minecraft:spawns_on_surface": {},
        "minecraft:spawns_underground": {
        },
        "minecraft:brightness_filter": {
          "min": 0,
          "max": 7,
          "adjust_for_weather": true
        },
        "minecraft:weight": {
          "default": 100
        },

        "minecraft:herd": {
          "min_size": 5,
          "max_size": 10
        },
        
        "minecraft:difficulty_filter": {
          "min": "easy",
          "max": "hard"
        },
        "minecraft:biome_filter": {
          "test": "has_biome_tag", "operator": "==", "value": "great_steppes"
        }
      }
    ]
  }
}