{
  "format_version": "1.8.0",
  "minecraft:client_entity": {
    "description": {
      "identifier": "mythicalcreatures:cockatrice",
      "materials": {
        "default": "cockatrice",
        "head": "cockatrice_head"
      },
      "textures": {
        "white": "textures/entity/cockatrice/white_cockatrice",
        "brown": "textures/entity/cockatrice/brown_cockatrice"
      },
      "geometry": { "default": "geometry.cockatrice" },

      "animations": {
        "look_at_target": "animation.cockatrice.look_at_target",
        "walk": "animation.cockatrice.walk",
        "setup": "animation.cockatrice.setup",
        "fly": "animation.cockatrice.fly",
        "fly_rotations": "animation.cockatrice.fly_rotations"
      },
      "animation_controllers": [
        { "setup": "controller.animation.cockatrice.setup" },
        { "move": "controller.animation.cockatrice.move" }
      ],
      "render_controllers": [ "controller.render.cockatrice" ],
      "spawn_egg": {
        "base_color": "#ECECEC",
        "overlay_color": "#9B7950"
      }
    }
  }
}
