{
    "format_version": "1.10.0",
    "minecraft:client_entity": {
        "description": {
            "identifier": "mythicalcreatures:fireblast_instant",
            "materials": {
                "default": "fireblast_instant"
            },
            "textures": {
                "default": "textures/entity/fireblast_instant"
            },
            "geometry": {
                "default": "geometry.fireblast_instant"
            },
            "render_controllers": [
                "controller.render.fireblast_instant"
            ],
            "animations": {
                "particle": "animation.fireblast_instatnt.particle"
            },
            "scripts": {
                "animate": [
                    "particle"
                ]
            }
        }
    }
}