{
  "format_version": "1.8.0",
  "minecraft:client_entity": {
    "description": {
      "identifier": "kesamasi:wyvern",
      "materials": { "default": "wyvern" },
      "textures": {
        "default": "textures/entity/wyvern"
      },
      "geometry": {
        "default": "geometry.wyvern",
        "baby": "geometry.wyvern_baby"
      },

      "animations": {
        "setup": "animation.wyvern.setup",
        "fly": "animation.wyvern.fly",
        "tempted": "animation.wyvern.tempted",
        "look_at_target": "animation.common.look_at_target",
        "walk": "animation.wyvern.walk"
      },
      "animation_controllers": [
        { "setup": "controller.animation.wyvern.setup" },
        { "move": "controller.animation.wyvern.move" },
        { "tempted": "controller.animation.wyvern.tempted" }
      ],
      "render_controllers": [ "controller.render.wyvern" ],
      "spawn_egg": {
        "base_color": "#634e2f",
        "overlay_color": "#d0b899"
      }
    }
  }
}
