{
  "format_version": "1.10.0",
  "minecraft:attachable": {
    "description": {
      "identifier": "minecraft:leather_helmet.villager",
      "item": { "minecraft:leather_helmet": "query.owner_identifier == 'mythicalcreatures:villager_guard'" },
      "materials": {
        "default": "armor_leather",
        "enchanted": "armor_leather_enchanted"
      },
      "textures": {
        "default": "textures/models/armor/leather",
        "enchanted": "textures/misc/enchanted_item_glint"
      },
      "geometry": {
        "default": "geometry.villager.armor.helmet"
      },
      "scripts": {
        "parent_setup": "variable.helmet_layer_visible = 0.0;"
      },
      "render_controllers": [ "controller.render.armor" ]
    }
  }
}
