{
	"format_version": "1.8.0",
	"animations": {
		"animation.boar.setup": {
			"loop": true,
			"bones": {
				"body": {
					"rotation": [0, 0, 0]
				}
			}
		},
		"animation.boar.sleep": {
			"loop": true,
			"bones": {
				"head": {
					"rotation": [0, 90, 0],
					"position": [0, -9, 0]
				},
				"body": {
					"position": [0, -9, 0]
				},
				"rightBackLeg": {
					"rotation": [-70, 0, 0],
					"position": [0, -11, 3]
				},
				"leftBackLeg": {
					"rotation": [-70, 0, 0],
					"position": [0, -11, 3]
				},
				"rightFrontLeg": {
					"rotation": [-105, 0, 0],
					"position": [0, -10, 2]
				},
				"leftFrontLeg": {
					"rotation": [-105, 0, 0],
					"position": [0, -10, 2]
				},
				"rightFrontLegLower": {
					"rotation": [170, 0, 0],
					"position": [0, 0, 1]
				},
				"leftFrontLegLower": {
					"rotation": [170, 0, 0],
					"position": [0, 0, 1]
				},
				"tailUpper": {
					"rotation": [25, 5, 5]
				},
				"tailLower": {
					"rotation": [-25, 30, -55]
				},
				"tail": {
					"rotation": [0, 45, 0]
				}
			}
		},
		"animation.boar.walk": {
			"loop": true,
			"anim_time_update": "query.modified_distance_moved",
			"bones": {
				"rightBackLeg": {
					"rotation": ["Math.sin(query.anim_time * -45) *20", 0, 0]
				},
				"leftBackLeg": {
					"rotation": ["Math.sin(query.anim_time * -45) *-20", 0, 0]
				},
				"rightFrontLeg": {
					"rotation": ["Math.sin(query.anim_time * -45) *-20", 0, 0]
				},
				"leftFrontLeg": {
					"rotation": ["Math.sin(query.anim_time * -45) *20", 0, 0]
				},
				"rightFrontLegLower": {
					"rotation": ["Math.sin(query.anim_time * -45) *10", 0, 0]
				},
				"leftFrontLegLower": {
					"rotation": ["Math.sin(query.anim_time *-45) *-10", 0, 0]
				},
				"tailLower": {
					"rotation": [0, 0, "Math.sin(query.anim_time * -45) *-5"]
				},
				"tail": {
					"rotation": [0, 0, "Math.sin(query.anim_time * -45) *-5"]
				},
				"root": {
					"position": [0, "Math.sin(query.anim_time * 90) * 0.5", 0]
				}
			}
		},
		"animation.boar.attack": {
			"loop": true,
			"bones": {
				"head": {
					"rotation": ["variable.boar.attack", 0, 0]
				}
			}
		}
	}
}