{
	"format_version": "1.8.0",
	"animations": {
		"animation.dwarf.walk": {
			"loop": true,
			"anim_time_update": "query.modified_distance_moved",
			"bones": {
				"arm1": {
					"rotation": ["Math.sin(query.anim_time * -45) * -45", 0, 0]
				},
				"arm0": {
					"rotation": ["Math.sin(query.anim_time * -45) * 45", 0, 0]
				},
				"leg1": {
					"rotation": ["Math.sin(query.anim_time * -45) * 45", 0, 0]
				},
				"leg0": {
					"rotation": ["Math.sin(query.anim_time * -45) * -45", 0, 0]
				}
			}
		},
		"animation.dwarf.get_in_bed": {
			"loop": true,
			"bones": {
				"General": {
					"rotation": [-90, 0, 0],
					"position": [0, -9, 0]
				}
			}
		}
	}
}