{
	"format_version": "1.8.0",
	"animations": {
		"animation.eagle.flying_wings_rotations": {
			"loop": true,
			"bones": {
				"rightWing": {
					"rotation": [75, -520, -70],
					"position": [1, 2, 3]
				},
				"lowerRightWing": {
					"rotation": [-20, 0, 0]
				},
				"lefttWing": {
					"rotation": [75, 520, 70],
					"position": [-1, 2, 3]
				},
				"lowerLeftWing": {
					"rotation": [-20, 0, 0]
				}
			}
		},
		"animation.eagle.fly": {
			"loop": true,
			"bones": {
				"body": {
					"position": [0, "Math.sin(query.anim_time * 45) * 1", 0]
				},
				"rightWing": {
					"rotation": [0, 0, "Math.sin(query.anim_time * 45) * -45"]
				},
				"lefttWing": {
					"rotation": [0, 0, "Math.sin(query.anim_time * 45) * 45"]
				},
				"rightLeg": {
					"rotation": [47.5, 0, 0]
				},
				"rightfinger": {
					"rotation": [65, 0, 0]
				},
				"middleFrontFinger": {
					"rotation": [45, 0, 0]
				},
				"middleBackFinger": {
					"rotation": [-65, 0, 0]
				},
				"leftfinger": {
					"rotation": [65, 0, 0]
				},
				"leftLeg": {
					"rotation": [47.5, 0, 0]
				},
				"rightfinger2": {
					"rotation": [65, 0, 0]
				},
				"middleFrontFinger2": {
					"rotation": [45, 0, 0]
				},
				"middleBackFinger2": {
					"rotation": [-65, 0, 0]
				},
				"leftfinger2": {
					"rotation": [65, 0, 0]
				}
			}
		},
		"animation.eagle.walk": {
			"loop": true,
			"bones": {
				"body": {
					"rotation": [0, 0, "Math.cos(query.anim_time * 45) * 3"],
					"position": [0, "Math.sin(query.anim_time * 90) * 1", 0]
				},
				"rightLeg": {
					"rotation": ["Math.sin(query.anim_time * 45) * 15", 0, 0]
				},
				"leftLeg": {
					"rotation": ["Math.sin(query.anim_time * 45) * -15", 0, 0]
				}
			}
		}
	}
}