{
	"format_version": "1.8.0",
	"animations": {
		"animation.giant_spider.walk": {
			"loop": true,
			"animation_length": 2,
			"bones": {
				"leftBackLeg": {
					"rotation": {
						"0.0": [17.5, -52.5, -22.5],
						"0.25": [40.5, -23, -81],
						"0.5": [30, -22.5, -65],
						"0.75": [35, -35, -63.75],
						"1.0": [17.5, -52.5, -22.5],
						"1.25": [40.5, -23, -81],
						"1.5": [30, -22.5, -65],
						"1.75": [35, -35, -63.75],
						"2.0": [17.5, -52.5, -22.5]
					}
				},
				"leftBackLeg_1": {
					"rotation": {
						"0.0": [0, 0, 5],
						"0.5": [0, 0, 0],
						"0.75": [0, 0, 7.5],
						"1.0": [0, 0, 5],
						"1.5": [0, 0, 0],
						"1.75": [0, 0, 7.5],
						"2.0": [0, 0, 5]
					}
				},
				"leftBackLeg_2": {
					"rotation": {
						"0.0": [0, 0, 7.5],
						"0.25": [1.25, 0, 73.75],
						"0.5": [2.5, 0, 90],
						"0.75": [1.25, 0, 61.25],
						"1.0": [0, 0, 7.5],
						"1.25": [1.25, 0, 73.75],
						"1.5": [2.5, 0, 90],
						"1.75": [1.25, 0, 61.25],
						"2.0": [0, 0, 7.5]
					}
				},
				"leftBackLegTip": {
					"rotation": {
						"0.0": [0, 0, 40],
						"0.25": [0, 0, 60.83],
						"0.75": [0, 0, 72.5],
						"1.0": [0, 0, 40],
						"1.25": [0, 0, 60.83],
						"1.75": [0, 0, 72.5],
						"2.0": [0, 0, 40]
					}
				},
				"leftMidBackLeg": {
					"rotation": {
						"0.0": [2.5, 0, -30],
						"0.5": [15, -25, -52.5],
						"0.8": [7.5, -10, -59],
						"1.0": [2.5, 0, -30],
						"1.5": [15, -25, -52.5],
						"1.8": [7.5, -10, -59],
						"2.0": [2.5, 0, -30]
					}
				},
				"leftMidBackLeg_1": {
					"rotation": {
						"0.0": [0, 0, 5],
						"1.0": [0, 0, 5],
						"2.0": [0, 0, 5]
					}
				},
				"leftMidBackLeg_2": {
					"rotation": {
						"0.0": [0, 0, 47.5],
						"0.5": [0, 0, 87.5],
						"0.8": [0, 0, 58.5],
						"1.0": [0, 0, 47.5],
						"1.5": [0, 0, 87.5],
						"1.8": [0, 0, 58.5],
						"2.0": [0, 0, 47.5]
					}
				},
				"leftMidBackLegTip": {
					"rotation": {
						"0.0": [0, 0, 70],
						"0.12": [0, 0, 62.15],
						"0.5": [0, 0, 47.5],
						"0.8": [0, 0, 53.5],
						"1.0": [0, 0, 70],
						"1.12": [0, 0, 62.15],
						"1.5": [0, 0, 47.5],
						"1.8": [0, 0, 53.5],
						"2.0": [0, 0, 70]
					}
				},
				"leftMidFrontLeg": {
					"rotation": {
						"0.0": [-12.5, 2.5, -37.5],
						"0.25": [-20, 8.75, -67.5],
						"0.5": [-27.5, 15, -47.5],
						"1.0": [-12.5, 2.5, -37.5],
						"1.25": [-20, 8.75, -67.5],
						"1.5": [-27.5, 15, -47.5],
						"2.0": [-12.5, 2.5, -37.5]
					}
				},
				"leftMidFrontLeg_1": {
					"rotation": {
						"0.0": [0, 0, 15],
						"1.0": [0, 0, 15],
						"2.0": [0, 0, 15]
					}
				},
				"leftMidFrontLeg_2": {
					"rotation": {
						"0.0": [0, 0, 52.5],
						"0.25": [0, 0, 58.75],
						"0.5": [0, 0, 72.5],
						"1.0": [0, 0, 52.5],
						"1.25": [0, 0, 58.75],
						"1.5": [0, 0, 72.5],
						"2.0": [0, 0, 52.5]
					}
				},
				"leftMidFrontLegTip": {
					"rotation": {
						"0.0": [0, 0, 67.5],
						"0.5": [0, 0, 17.5],
						"1.0": [0, 0, 67.5],
						"1.5": [0, 0, 17.5],
						"2.0": [0, 0, 67.5]
					}
				},
				"lefttFrontLeg": {
					"rotation": {
						"0.0": [-40, 65, -47.5],
						"0.5": [-25, 15, -65],
						"0.75": [-32.5, 17.5, -63.75],
						"1.0": [-40, 65, -47.5],
						"1.5": [-25, 15, -65],
						"1.75": [-32.5, 17.5, -63.75],
						"2.0": [-40, 65, -47.5]
					}
				},
				"lefttFrontLeg_1": {
					"rotation": {
						"0.0": [0, 0, 2.5],
						"0.5": [0, 0, 20],
						"1.0": [0, 0, 2.5],
						"1.5": [0, 0, 20],
						"2.0": [0, 0, 2.5]
					}
				},
				"lefttFrontLeg_2": {
					"rotation": {
						"0.0": [0, 0, 20],
						"0.5": [0, 0, 70],
						"0.75": [0, 0, 50],
						"1.0": [0, 0, 20],
						"1.5": [0, 0, 70],
						"1.75": [0, 0, 50],
						"2.0": [0, 0, 20]
					}
				},
				"lefttFrontLegTip": {
					"rotation": {
						"0.0": [0, 0, 40],
						"0.5": [0, 0, 67.5],
						"0.75": [0, 0, 26.25],
						"1.0": [0, 0, 40],
						"1.5": [0, 0, 67.5],
						"1.75": [0, 0, 26.25],
						"2.0": [0, 0, 40]
					}
				},
				"root": {
					"position": {
						"0.0": [0, 2, 0],
						"1.0": [0, 2, 0]
					}
				},
				"rightBackLeg": {
					"rotation": {
						"0.0": [30, 22.5, 65],
						"0.25": [35, 35, 63.75],
						"0.5": [17.5, 52.5, 22.5],
						"0.75": [40.5, 23, 81],
						"1.0": [30, 22.5, 65],
						"1.25": [35, 35, 63.75],
						"1.5": [17.5, 52.5, 22.5],
						"1.75": [40.5, 23, 81],
						"2.0": [30, 22.5, 65]
					}
				},
				"rightBackLeg_1": {
					"rotation": {
						"0.0": [0, 0, 0],
						"0.25": [0, 0, -7.5],
						"0.5": [0, 0, -5],
						"1.0": [0, 0, 0],
						"1.25": [0, 0, -7.5],
						"1.5": [0, 0, -5],
						"2.0": [0, 0, 0]
					}
				},
				"rightBackLeg_2": {
					"rotation": {
						"0.0": [2.5, 0, -90],
						"0.25": [1.25, 0, -61.25],
						"0.5": [0, 0, -7.5],
						"0.75": [1.25, 0, -73.75],
						"1.0": [2.5, 0, -90],
						"1.25": [1.25, 0, -61.25],
						"1.5": [0, 0, -7.5],
						"1.75": [1.25, 0, -73.75],
						"2.0": [2.5, 0, -90]
					}
				},
				"rightBackLegTip": {
					"rotation": {
						"0.0": [0, 0, -66.66],
						"0.5": [0, 0, -40],
						"0.75": [0, 0, -60.83],
						"1.0": [0, 0, -66.66],
						"1.5": [0, 0, -40],
						"1.75": [0, 0, -60.83],
						"2.0": [0, 0, -66.66]
					}
				},
				"rightMidBackLeg": {
					"rotation": {
						"0.0": [15, 25, 52.5],
						"0.3": [7.5, 10, 59],
						"0.5": [2.5, 0, 30],
						"1.0": [15, 25, 52.5],
						"1.3": [7.5, 10, 59],
						"1.5": [2.5, 0, 30],
						"2.0": [15, 25, 52.5]
					}
				},
				"rightMidBackLeg_1": {
					"rotation": {
						"0.0": [0, 0, -5],
						"1.0": [0, 0, -5],
						"2.0": [0, 0, -5]
					}
				},
				"rightMidBackLeg_2": {
					"rotation": {
						"0.0": [0, 0, -72.5],
						"0.5": [0, 0, -52.5],
						"0.75": [0, 0, -58.75],
						"1.0": [0, 0, -72.5],
						"1.5": [0, 0, -52.5],
						"1.75": [0, 0, -58.75],
						"2.0": [0, 0, -72.5]
					}
				},
				"rightMidBackLegTip": {
					"rotation": {
						"0.0": [0, 0, -47.5],
						"0.3": [0, 0, -53.5],
						"0.5": [0, 0, -70],
						"0.62": [0, 0, -62.15],
						"1.0": [0, 0, -47.5],
						"1.3": [0, 0, -53.5],
						"1.5": [0, 0, -70],
						"1.62": [0, 0, -62.15],
						"2.0": [0, 0, -47.5]
					}
				},
				"rightMidFrontLeg": {
					"rotation": {
						"0.0": [-27.5, -15, 47.5],
						"0.5": [-12.5, -2.5, 37.5],
						"0.75": [-20, -8.75, 67.5],
						"1.0": [-27.5, -15, 47.5],
						"1.5": [-12.5, -2.5, 37.5],
						"1.75": [-20, -8.75, 67.5],
						"2.0": [-27.5, -15, 47.5]
					}
				},
				"rightMidFrontLeg_1": {
					"rotation": {
						"0.0": [0, 0, -15],
						"1.0": [0, 0, -15],
						"2.0": [0, 0, -15]
					}
				},
				"rightMidFrontLeg_2": {
					"rotation": {
						"0.0": [0, 0, -72.5],
						"0.5": [0, 0, -52.5],
						"0.75": [0, 0, -58.75],
						"1.0": [0, 0, -72.5],
						"1.5": [0, 0, -52.5],
						"1.75": [0, 0, -58.75],
						"2.0": [0, 0, -72.5]
					}
				},
				"rightMidFrontLegTip": {
					"rotation": {
						"0.0": [0, 0, -17.5],
						"0.5": [0, 0, -67.5],
						"1.0": [0, 0, -17.5],
						"1.5": [0, 0, -67.5],
						"2.0": [0, 0, -17.5]
					}
				},
				"rightFrontLeg": {
					"rotation": {
						"0.0": [-25, -15, 65],
						"0.25": [-32.5, -17.5, 63.75],
						"0.5": [-40, -65, 47.5],
						"1.0": [-25, -15, 65],
						"1.25": [-32.5, -17.5, 63.75],
						"1.5": [-40, -65, 47.5],
						"2.0": [-25, -15, 65]
					}
				},
				"rightFrontLeg_1": {
					"rotation": {
						"0.0": [0, 0, -20],
						"0.5": [0, 0, -2.5],
						"1.0": [0, 0, -20],
						"1.5": [0, 0, -2.5],
						"2.0": [0, 0, -20]
					}
				},
				"rightFrontLeg_2": {
					"rotation": {
						"0.0": [0, 0, -70],
						"0.25": [0, 0, -50],
						"0.5": [0, 0, -20],
						"1.0": [0, 0, -70],
						"1.25": [0, 0, -50],
						"1.5": [0, 0, -20],
						"2.0": [0, 0, -70]
					}
				},
				"rightFrontLegTip": {
					"rotation": {
						"0.0": [0, 0, -67.5],
						"0.25": [0, 0, -26.25],
						"0.5": [0, 0, -40],
						"1.0": [0, 0, -67.5],
						"1.25": [0, 0, -26.25],
						"1.5": [0, 0, -40],
						"2.0": [0, 0, -67.5]
					}
				},
				"body": {
					"rotation": {
						"0.0": [2.5, -5, 0],
						"0.25": [0, 0, 0],
						"0.5": [2.5, 5, 0],
						"0.75": [0, 0, 0],
						"1.0": [2.5, -5, 0],
						"1.25": [0, 0, 0],
						"1.5": [2.5, 5, 0],
						"1.75": [0, 0, 0],
						"2.0": [2.5, -5, 0]
					}
				}
			}
		},
		"animation.giant_spider.pose": {
			"loop": true,
			"animation_length": 2,
			"bones": {
				"rightBackLeg": {
					"rotation": [17.5, 52.5, 22.5]
				},
				"rightBackLeg_1": {
					"rotation": [0, 0, -5]
				},
				"rightBackLeg_2": {
					"rotation": [0, 0, -7.5]
				},
				"rightBackLegTip": {
					"rotation": [0, 0, -40]
				},
				"rightMidBackLeg": {
					"rotation": [2.5, 0, 30]
				},
				"rightMidBackLeg_1": {
					"rotation": [0, 0, -5]
				},
				"rightMidBackLeg_2": {
					"rotation": [0, 0, -47.5]
				},
				"rightMidBackLegTip": {
					"rotation": [0, 0, -70]
				},
				"rightMidFrontLeg": {
					"rotation": [-12.5, -2.5, 37.5]
				},
				"rightMidFrontLeg_1": {
					"rotation": [0, 0, -15]
				},
				"rightMidFrontLeg_2": {
					"rotation": [0, 0, -52.5]
				},
				"rightMidFrontLegTip": {
					"rotation": [0, 0, -67.5]
				},
				"rightFrontLeg": {
					"rotation": [-40, -65, 47.5]
				},
				"rightFrontLeg_1": {
					"rotation": [0, 0, -2.5]
				},
				"rightFrontLeg_2": {
					"rotation": [0, 0, -20]
				},
				"rightFrontLegTip": {
					"rotation": [0, 0, -40]
				},
				"leftBackLeg": {
					"rotation": [17.5, -52.5, -22.5]
				},
				"leftBackLeg_1": {
					"rotation": [0, 0, 5]
				},
				"leftBackLeg_2": {
					"rotation": [0, 0, 7.5]
				},
				"leftBackLegTip": {
					"rotation": [0, 0, 40]
				},
				"leftMidBackLeg": {
					"rotation": [2.5, 0, -30]
				},
				"leftMidBackLeg_1": {
					"rotation": [0, 0, 5]
				},
				"leftMidBackLeg_2": {
					"rotation": [0, 0, 47.5]
				},
				"leftMidBackLegTip": {
					"rotation": [0, 0, 70]
				},
				"leftMidFrontLeg": {
					"rotation": [-12.5, 2.5, -37.5]
				},
				"leftMidFrontLeg_1": {
					"rotation": [0, 0, 15]
				},
				"leftMidFrontLeg_2": {
					"rotation": [0, 0, 52.5]
				},
				"leftMidFrontLegTip": {
					"rotation": [0, 0, 67.5]
				},
				"lefttFrontLeg": {
					"rotation": [-40, 65, -47.5]
				},
				"lefttFrontLeg_1": {
					"rotation": [0, 0, 2.5]
				},
				"lefttFrontLeg_2": {
					"rotation": [0, 0, 20]
				},
				"lefttFrontLegTip": {
					"rotation": [0, 0, 40]
				},
				"root": {
					"position": [0, 2, 0]
				},
				"rightFang": {
					"rotation": {
						"0.0": [0, 0, 0],
						"0.52": [-10, 0, 0],
						"1.0": [0, 0, 0],
						"1.2": [0, 0, 0],
						"1.32": [-10, 0, 0],
						"1.4": [0, 0, 0],
						"1.52": [-10, 0, 0],
						"1.6": [0, 0, 0],
						"2.0": [0, 0, 0]
					}
				},
				"leftFang": {
					"rotation": {
						"0.0": [0, 0, 0],
						"0.52": [-10, 0, 0],
						"1.0": [0, 0, 0],
						"1.24": [0, 0, 0],
						"1.36": [-10, 0, 0],
						"1.44": [0, 0, 0],
						"1.56": [-10, 0, 0],
						"1.64": [0, 0, 0],
						"2.0": [0, 0, 0]
					}
				}
			}
		},
		"animation.giant_spider.look_at_target": {
			"loop": true,
			"bones": {
				"head": {
					"rotation": ["query.target_x_rotation", 0, 0]
				}
			}
		}
	}
}