{
	"format_version": "1.8.0",
	"animations": {
		"animation.goblin.idle": {
			"loop": true,
			"animation_length": 2.125,
			"bones": {
				"Body": {
					"rotation": {
						"0.0": [0, 0, 0],
						"0.5": [1.8, 0, 0],
						"1.0": [0, 0, 0],
						"1.5": [-1.2, 0, 0],
						"2.0": [0, 0, 0]
					},
					"position": {
						"0.0": [0, 0, 0],
						"0.5": [0, 0.05, 0],
						"1.0": [0, 0, 0],
						"1.5": [0, -0.05, 0],
						"2.0": [0, 0, 0]
					},
					"scale": {
						"0.0": [1, 1, 1],
						"0.5": [1.03, 1.03, 1.03],
						"1.0": [1, 1, 1],
						"1.5": [0.96, 0.96, 0.96],
						"2.0": [1, 1, 1]
					}
				},
				"head": {
					"rotation": {
						"0.0": [1, 0, 0],
						"0.4167": [-2.5, 0.5, 0],
						"0.7917": [1.5, -0.5, 0],
						"1.2083": [-1.5, 0.3, 0],
						"1.5833": [0, 0, 0],
						"2.0": [1, 0, 0]
					}
				},
				"rightArm": {
					"rotation": {
						"0.0": [0.5, 0, 1.5],
						"0.5": [0, 0, 2.5],
						"1.0": [-0.5, 0, 0.5],
						"1.5": [0.2, 0, -2.5],
						"2.0": [0.5, 0, 1.5]
					}
				},
				"leftArm": {
					"rotation": {
						"0.0": [-0.2, 0, -1.5],
						"0.5": [-0.6, 0, -2],
						"1.0": [0, 0, -0.5],
						"1.5": [0.3, 0, 2.5],
						"2.0": [-0.2, 0, -1.5]
					}
				},
				"nose": {
					"rotation": {
						"0.0": [0, 0, 0],
						"0.5": [3, 2.5, 0],
						"1.0": [-3, -2, 0],
						"1.5": [3, 3, 0],
						"2.0": [0, 0, 0]
					}
				},
				"rightear": {
					"rotation": {
						"0.0": [0, 0, 0],
						"0.5": [0, 0, 1],
						"1.0": [0, 0, -1],
						"1.5": [0, 0, 1],
						"2.0": [0, 0, 0]
					}
				},
				"leftear": {
					"rotation": {
						"0.0": [0, 0, 0],
						"0.5": [0, 0, -2],
						"1.0": [0, 0, 2],
						"1.5": [0, 0, -2],
						"2.0": [0, 0, 0]
					}
				},
				"rightLeg": {
					"rotation": {
						"0.0": [0, 0, -0.3],
						"1.0": [0.2, 0, 0.3],
						"2.0": [0, 0, -0.3]
					}
				},
				"leftLeg": {
					"rotation": {
						"0.0": [0.2, 0, 0.3],
						"1.0": [0, 0, -0.3],
						"2.0": [0.2, 0, 0.3]
					}
				}
			}
		},
		"animation.goblin.look_around": {
			"animation_length": 4,
			"bones": {
				"Body": {
					"rotation": {
						"0.0": [0, 0, 0],
						"0.5": [1, 5, 0],
						"1.0": [1, 5, 0],
						"2.0": [-1, -5, 0],
						"2.5": [-1, -5, 0],
						"3.0": [0.5, 3, 0],
						"3.5": [0.5, 3, 0],
						"4.0": [0, 0, 0]
					}
				},
				"head": {
					"rotation": {
						"0.0": [0, 0, 0],
						"0.5": [-10, 20, 5],
						"1.0": [-5, 20, 10],
						"1.5": [0, 0, 0],
						"2.0": [5, -20, -5],
						"2.5": [10, -20, -10],
						"3.0": [-4, 15, 2],
						"3.5": [-8, 15, 4],
						"4.0": [0, 0, 0]
					}
				}
			}
		},
		"animation.goblin.scratch_ear": {
			"animation_length": 4.5,
			"bones": {
				"Body": {
					"rotation": {
						"0.0": [0, 0, 0],
						"1.0": [0, 0, 0],
						"1.5": [0, -5, 0],
						"2.0": [0, -10, 0],
						"3.0": [0, -10, 0],
						"3.5": [0, -5, 0],
						"4.0": [0, 0, 0]
					}
				},
				"head": {
					"rotation": {
						"0.0": [0, 0, 0],
						"0.5": [0, -5, 0],
						"1.0": [0, -10, 0],
						"1.5": [0, -15, 0],
						"2.0": [4, -15, 1],
						"2.25": [-4, -15, -1],
						"2.5": [4, -15, 1],
						"2.75": [-4, -15, -1],
						"3.0": [4, -15, 1],
						"3.5": [0, -10, 0],
						"4.0": [0, -5, 0],
						"4.5": [0, 0, 0]
					}
				},
				"rightear": {
					"rotation": {
						"0.0": [0, 0, 0],
						"1.5": [0, 0, 0],
						"2.0": [-15, -10, 0],
						"2.25": [15, -15, 0],
						"2.5": [-15, -10, 0],
						"2.75": [15, -15, 0],
						"3.0": [-15, -10, 0],
						"4.0": [0, 0, 0]
					}
				},
				"rightArm": {
					"rotation": {
						"0.0": [0, 0, 0],
						"0.5": [-64, 0, 5],
						"1.0": [-134, 0, 5],
						"1.5": [-161, 0, 5],
						"2.0": [-186, 0, 5],
						"2.25": [-170, 0, 5],
						"2.5": [-190, 0, 5],
						"2.75": [-170, 0, 5],
						"3.0": [-190, 0, 5],
						"3.5": [-139, 0, 5],
						"4.0": [-39, 0, 5],
						"4.5": [0, 0, 0]
					}
				}
			}
		},
		"animation.goblin.walk": {
			"loop": true,
			"animation_length": 1,
			"bones": {
				"Body": {
					"rotation": {
						"0.0": [2, 0, -3],
						"0.25": [0, 2, 3],
						"0.5": [-2, 0, -3],
						"0.75": [0, -2, 3],
						"1.0": [2, 0, -3]
					},
					"position": {
						"0.0": [0, -0.4, 0],
						"0.25": [0, 0.2, 0],
						"0.5": [0, 0.4, 0],
						"0.75": [0, 0.2, 0],
						"1.0": [0, -0.4, 0]
					}
				},
				"head": {
					"rotation": {
						"0.0": [5, -10, -5],
						"0.25": [-3, -5, 4],
						"0.5": [-5, 10, 5],
						"0.75": [3, 5, -4],
						"1.0": [5, -10, -5]
					}
				},
				"nose": {
					"rotation": {
						"0.0": [0, 0, 0],
						"0.0833": [-3, 0, 3],
						"0.2917": [3, 0, -3],
						"0.5": [-2.5, 0, 2.5],
						"0.7083": [2, 0, -2],
						"0.9167": [-1.5, 0, 1.5],
						"1.0": [0, 0, 0]
					}
				},
				"rightear": {
					"rotation": {
						"0.0": [0, 0, 0],
						"0.0833": [3, 0, 1],
						"0.2917": [-3, 0, -1],
						"0.5": [2, 0, 1],
						"0.7083": [-2, 0, -1],
						"0.9167": [1, 0, 0.5],
						"1.0": [0, 0, 0]
					},
					"position": {
						"0.0": [0, 0, 0],
						"0.0833": [0, -0.2, 0],
						"0.5": [0, 0.1, 0],
						"0.9167": [0, -0.1, 0],
						"1.0": [0, 0, 0]
					}
				},
				"leftear": {
					"rotation": {
						"0.0": [0, 0, 0],
						"0.0833": [-3, 0, -1],
						"0.2917": [3, 0, 1],
						"0.5": [-2, 0, -1],
						"0.7083": [2, 0, 1],
						"0.9167": [-1, 0, -0.5],
						"1.0": [0, 0, 0]
					},
					"position": {
						"0.0": [0, 0, 0],
						"0.0833": [0, 0.2, 0],
						"0.5": [0, -0.1, 0],
						"0.9167": [0, 0.1, 0],
						"1.0": [0, 0, 0]
					}
				},
				"rightArm": {
					"rotation": {
						"0.0": [-25, 0, -10],
						"0.25": [0, 0, 5],
						"0.5": [30, 0, 10],
						"0.75": [0, 0, -5],
						"1.0": [-25, 0, -10]
					}
				},
				"leftArm": {
					"rotation": {
						"0.0": [35, 0, 15],
						"0.25": [10, 0, 5],
						"0.5": [-30, 0, -15],
						"0.75": [10, 0, 0],
						"1.0": [35, 0, 15]
					}
				},
				"rightLeg": {
					"rotation": {
						"0.0": [35, 5, -3],
						"0.5": [-35, -5, 3],
						"1.0": [35, 5, -3]
					}
				},
				"leftLeg": {
					"rotation": {
						"0.0": [-30, -3, 2],
						"0.5": [30, 3, -2],
						"1.0": [-30, -3, 2]
					}
				}
			}
		},
		"animation.goblin.sleep_sitting": {
			"loop": true,
			"animation_length": 2,
			"bones": {
				"Body": {
					"rotation": {
						"0.0": [0, 0, 0],
						"0.5": [5, 0, 0],
						"1.0": [10, 0, 0],
						"1.5": [5, 0, 0],
						"2.0": [0, 0, 0]
					},
					"position": {
						"0.0": [0, 0, 0],
						"1.0": [0, 0.3, 0],
						"2.0": [0, 0, 0]
					},
					"scale": {
						"0.0": [1, 1, 1],
						"1.0": [1.05, 1.05, 1.05],
						"2.0": [1, 1, 1]
					}
				},
				"head": {
					"rotation": {
						"0.0": [45, 0, 0],
						"1.0": [30, 0, 0],
						"2.0": [45, 0, 0]
					}
				},
				"nose": {
					"scale": {
						"0.0": [1, 1, 1],
						"0.5": [1, 1, 1],
						"1.0": [1.1, 1.1, 1.1],
						"1.5": [1, 1, 1],
						"2.0": [1, 1, 1]
					}
				},
				"rightear": {
					"rotation": {
						"0.0": [0, -40, 0],
						"1.0": [0, -20, 0],
						"2.0": [0, -40, 0]
					}
				},
				"leftear": {
					"rotation": {
						"0.0": [0, 40, 0],
						"1.0": [0, 20, 0],
						"2.0": [0, 40, 0]
					}
				},
				"rightArm": {
					"rotation": {
						"0.0": [-15, 0, -5],
						"1.0": [-15, 0, -2],
						"2.0": [-15, 0, -5]
					}
				},
				"leftArm": {
					"rotation": {
						"0.0": [-15, 0, 5],
						"1.0": [-15, 0, 3],
						"2.0": [-15, 0, 5]
					}
				},
				"rightLeg": {
					"rotation": {
						"0.0": [-85, 15, 0],
						"1.0": [-85, 16, 0],
						"2.0": [-85, 15, 0]
					}
				},
				"leftLeg": {
					"rotation": {
						"0.0": [-85, -15, 0],
						"1.0": [-85, -18, 0],
						"2.0": [-85, -15, 0]
					}
				},
				"root": {
					"position": [0, -6, 0]
				}
			}
		},
		"animation.goblin.wake_up_sitting": {
			"animation_length": 1.2083,
			"bones": {
				"Body": {
					"rotation": {
						"0.0": [10, 0, 0],
						"0.4167": [-10, 0, 0],
						"0.7917": [0, 0, 0]
					},
					"position": {
						"0.0": [0, 0.3, 0],
						"0.5833": [0, -0.2, 0],
						"1.2083": [0, 0, 0]
					},
					"scale": {
						"0.0": [1.05, 1.05, 1.05],
						"0.5833": [1, 1, 1],
						"1.2083": [1, 1, 1]
					}
				},
				"head": {
					"rotation": {
						"0.0": [30, 0, 0],
						"0.4167": [-10, 50, 0],
						"0.5833": [-6.86, -50, 0],
						"0.7917": [-3.29, 50, 0],
						"1.0": [0, -50, 0],
						"1.2083": [0, 0, 0]
					}
				},
				"nose": {
					"scale": {
						"0.0": [1.1, 1.1, 1.1],
						"0.5": [1, 1, 1]
					}
				},
				"rightear": {
					"rotation": {
						"0.0": [0, -20, 0],
						"0.5833": [0, -40, 0]
					}
				},
				"leftear": {
					"rotation": {
						"0.0": [0, 20, 0],
						"0.5833": [0, 40, 0]
					}
				},
				"rightArm": {
					"rotation": {
						"0.0": [-15, 0, -2],
						"0.5": [-10, 0, 5],
						"1.0": [0, 0, 0]
					}
				},
				"leftArm": {
					"rotation": {
						"0.0": [-15, 0, 3],
						"0.5": [-10, 0, -5],
						"1.0": [0, 0, 0]
					}
				},
				"rightLeg": {
					"rotation": {
						"0.0": [-85, 16, 0],
						"0.5833": [-60, 10, 0],
						"1.2083": [-40, 0, 0]
					}
				},
				"leftLeg": {
					"rotation": {
						"0.0": [-85, -18, 0],
						"0.5833": [-60, -10, 0],
						"1.2083": [-40, 0, 0]
					}
				},
				"root": {
					"position": {
						"0.0": [0, -6, 0],
						"0.5833": [0, 8, 0],
						"1.2083": [0, 0, 0]
					}
				}
			}
		},
		"animation.goblin.sleep_side": {
			"loop": true,
			"animation_length": 4,
			"bones": {
				"root": {
					"rotation": [0, 0, -75],
					"position": [0, -8, 0]
				},
				"Body": {
					"rotation": {
						"0.0": [0, 0, 0],
						"2.0": [-5, 0, 0],
						"4.0": [0, 0, 0]
					}
				},
				"head": {
					"rotation": {
						"0.0": [30, 10, 0],
						"2.0": [25, 10, 0],
						"4.0": [30, 10, 0]
					}
				},
				"nose": {
					"rotation": {
						"0.0": [0, 5, 0],
						"2.0": [2, 0, 0],
						"4.0": [0, 5, 0]
					},
					"scale": {
						"0.0": [1, 1, 1],
						"2.0": [1.05, 1.05, 1.05],
						"4.0": [1, 1, 1]
					}
				},
				"rightear": {
					"rotation": {
						"0.0": [0, -40, 0],
						"2.0": [0, -30, 0],
						"4.0": [0, -40, 0]
					}
				},
				"leftear": {
					"rotation": {
						"0.0": [0, -15, 0],
						"2.0": [0, -5, 0],
						"4.0": [0, -15, 0]
					}
				},
				"rightArm": {
					"rotation": [-120, 0, -5]
				},
				"leftArm": {
					"rotation": {
						"0.0": [30, 0, 20],
						"2.0": [30, 0, 15],
						"4.0": [30, 0, 20]
					}
				},
				"rightLeg": {
					"rotation": [30, 0, 0]
				},
				"leftLeg": {
					"rotation": [-30, 0, 30]
				}
			}
		},
		"animation.goblin.wake_up_side": {
			"animation_length": 1.5,
			"bones": {
				"root": {
					"rotation": {
						"0.0": [0, 0, -75],
						"0.2083": [0, 0, -35],
						"0.5": [0, 0, -5],
						"0.7917": [0, 0, 5],
						"1.2083": [0, 0, 0]
					},
					"position": {
						"0.0": [0, -8, 0],
						"0.2083": [0, -4, 0],
						"0.5": [0, -2, 0],
						"0.7917": [0, -1, 0],
						"1.2083": [0, 0, 0]
					}
				},
				"Body": {
					"rotation": {
						"0.0": [-5, 0, 0],
						"0.2917": [15, 0, 0],
						"0.7083": [-5, 0, 0],
						"1.2083": [0, 0, 0]
					}
				},
				"head": {
					"rotation": {
						"0.0": [30, 10, 0],
						"0.2083": [10, -10, 0],
						"0.5": [-10, 5, 0],
						"0.7083": [5, -5, 0],
						"1.2083": [0, 0, 0]
					},
					"scale": {
						"0.0": [1, 1, 1],
						"0.2083": [1.05, 1.05, 1.05],
						"0.5": [0.98, 0.98, 0.98],
						"1.2083": [1, 1, 1]
					}
				},
				"nose": {
					"rotation": {
						"0.0": [0, 5, 0],
						"0.2917": [5, -5, 0],
						"0.5833": [-3, 3, 0],
						"1.2083": [0, 0, 0]
					},
					"scale": {
						"0.0": [1, 1, 1],
						"0.2917": [1.05, 1.05, 1.05],
						"0.5833": [1, 1, 1],
						"1.2083": [1, 1, 1]
					}
				},
				"rightear": {
					"rotation": {
						"0.0": [0, -40, 0],
						"0.2917": [0, -10, 0],
						"0.5833": [5, -5, 0],
						"1.2083": [0, 0, 0]
					}
				},
				"leftear": {
					"rotation": {
						"0.0": [0, -15, 0],
						"0.2917": [0, 0, 0],
						"0.5833": [0, 10, 0],
						"1.2083": [0, 0, 0]
					}
				},
				"rightArm": {
					"rotation": {
						"0.0": [-120, 0, -5],
						"0.2083": [-90, 0, -10],
						"0.5833": [-30, 0, 0],
						"1.25": [0, 0, 0]
					}
				},
				"leftArm": {
					"rotation": {
						"0.0": [30, 0, 20],
						"0.2917": [0, 0, -5],
						"0.7083": [15, 0, 10],
						"1.2083": [0, 0, 0]
					}
				},
				"rightLeg": {
					"rotation": {
						"0.0": [30, 0, 0],
						"0.2917": [15, 0, 0],
						"0.7083": [5, 0, 0],
						"1.2083": [0, 0, 0]
					}
				},
				"leftLeg": {
					"rotation": {
						"0.0": [-30, 0, 30],
						"0.2917": [-10, 0, 10],
						"0.7083": [5, 0, -5],
						"1.2083": [0, 0, 0]
					}
				}
			}
		},
		"animation.goblin.run_hop": {
			"loop": true,
			"animation_length": 0.5833,
			"bones": {
				"root": {
					"rotation": {
						"0.0": [0, 0, 0],
						"0.2917": [0, 5, 0],
						"0.5833": [0, 0, 0]
					},
					"position": {
						"0.0": [0, 0, 0],
						"0.2083": [0, 4, 0],
						"0.4167": [0, 0, 0],
						"0.5833": [0, 0, 0]
					}
				},
				"Body": {
					"rotation": {
						"0.0": [10, 0, 0],
						"0.2917": [0, 0, 0],
						"0.5833": [10, 0, 0]
					}
				},
				"head": {
					"rotation": {
						"0.0": [-10, 0, 0],
						"0.2917": [-5, 0, 0],
						"0.5833": [-10, 0, 0]
					}
				},
				"rightArm": {
					"rotation": {
						"0.0": [30, 0, 5],
						"0.2917": [-40, 0, -3],
						"0.5833": [30, 0, 5]
					}
				},
				"leftArm": {
					"rotation": {
						"0.0": [-40, 0, 6],
						"0.2917": [30, 0, -3],
						"0.5833": [-40, 0, 6]
					}
				},
				"rightLeg": {
					"rotation": {
						"0.0": [-30, 0, 0],
						"0.2917": [40, -5, 0],
						"0.5833": [-30, 0, 0]
					}
				},
				"leftLeg": {
					"rotation": {
						"0.0": [40, 5, 0],
						"0.2917": [-30, 0, 0],
						"0.5833": [40, 5, 0]
					}
				}
			}
		},
		"animation.goblin.run_scared": {
			"loop": true,
			"animation_length": 0.5,
			"bones": {
				"root": {
					"rotation": {
						"0.0": [0, 0, 0],
						"0.25": [0, 2, 0],
						"0.5": [0, 0, 0]
					},
					"position": {
						"0.0": [0, 0, 0],
						"0.125": [0, 0.58, 0],
						"0.25": [0, 0, 0],
						"0.375": [0, 0.8, 0],
						"0.5": [0, 0, 0]
					}
				},
				"Body": {
					"rotation": {
						"0.0": [-20, 0, 0],
						"0.25": [-25, 0, 0],
						"0.5": [-20, 0, 0]
					}
				},
				"head": {
					"rotation": {
						"0.0": [-20, 0, 0],
						"0.25": [-40, 0, 0],
						"0.5": [-20, 0, 0]
					},
					"position": [0, -1, 2]
				},
				"rightArm": {
					"rotation": {
						"0.0": [-160, 0, -5],
						"0.25": [-200, 0, 10],
						"0.5": [-160, 0, -5]
					}
				},
				"leftArm": {
					"rotation": {
						"0.0": [-210, 0, 5],
						"0.25": [-180, 0, -10],
						"0.5": [-210, 0, 5]
					}
				},
				"rightLeg": {
					"rotation": {
						"0.0": [-10, 0, 0],
						"0.25": [25, 0, 0],
						"0.5": [-10, 0, 0]
					}
				},
				"leftLeg": {
					"rotation": {
						"0.0": [25, 0, 0],
						"0.25": [-10, 0, 0],
						"0.5": [25, 0, 0]
					}
				}
			}
		}
	}
}