{
	"format_version": "1.8.0",
	"animations": {
		"animation.minotaur.walk": {
			"loop": true,
			"anim_time_update": "query.modified_distance_moved",
			"bones": {
				"rightLeg": {
					"rotation": ["Math.sin(query.anim_time*-20)*30", 0, 0]
				},
				"leftLeg": {
					"rotation": ["Math.sin(query.anim_time*-20)*-30", 0, 0]
				},
				"root": {
					"position": [0, "Math.sin(query.anim_time*-1)*1", 0]
				},
				"rightArm": {
					"rotation": ["Math.sin(query.anim_time*-20)*-30", 0, 0]
				},
				"leftArm": {
					"rotation": ["Math.sin(query.anim_time*-20)*30", 0, 0]
				}
			}
		},
		"animation.minotaur.attack": {
			"loop": true,
			"animation_length": 0.5,
			"bones": {
				"rightArm": {
					"rotation": {
						"0.0": [0, 0, 0],
						"0.1667": [20, 0, 50],
						"0.3167": [-50, -50, 50],
						"0.5": [0, 0, 0]
					}
				},
				"leftArm": {
					"rotation": {
						"0.0": [0, 0, 0],
						"0.1667": [-10, 0, -10],
						"0.3167": [20, 0, -20],
						"0.5": [0, 0, 0]
					}
				}
			}
		},
		"animation.minotaur.bob": {
			"bones": {
				"rightArm": {
					"rotation": ["Math.sin(query.anim_time * -10)* 10", "Math.sin(query.anim_time * -10)* 10", 0]
				},
				"LeftArm": {
					"rotation": ["Math.sin(query.anim_time * -10)* -10", "Math.sin(query.anim_time * -10)* -10", 0]
				}
			}
		},
		"animation.minotaur.roaring": {
			"loop": true,
			"animation_length": 1.5,
			"bones": {
				"rightArm": {
					"rotation": {
						"0.0": [0, 0, 0],
						"0.5": [-75, 30, 30],
						"1.0": [-20, 0, 30],
						"1.5": [0, 0, 0]
					}
				},
				"root": {
					"rotation": {
						"0.0": [0, 0, 0],
						"0.5": [-30, 0, 0],
						"1.0": [40, 0, 0],
						"1.5": [0, 0, 0]
					}
				},
				"rightLeg": {
					"rotation": {
						"0.0": [0, 0, 0],
						"0.5": [70, 0, 0],
						"1.0": [-40, 0, 0],
						"1.5": [0, 0, 0]
					}
				},
				"leftLeg": {
					"rotation": {
						"0.0": [0, 0, 0],
						"0.5": [-75, 0, 0],
						"1.0": [-20, 0, 0],
						"1.5": [0, 0, 0]
					}
				}
			}
		}
	}
}