{
	"format_version": "1.8.0",
	"animations": {
		"animation.necromancer.casting": {
			"loop": true,
			"animation_length": 1.8,
			"bones": {
				"leftarm": {
					"rotation": {
						"0.0": [-2, 0, 0],
						"0.6": [-45, 0, -45],
						"1.2": [-70, 0, -50],
						"1.8": [0, 0, 0]
					}
				},
				"rightarm": {
					"rotation": {
						"0.0": [0, 0, 0],
						"0.3": [-45, 0, 45],
						"1.6": [-70, 0, 50],
						"1.8": [0, 0, 0]
					}
				},
				"arm0_1": {
					"rotation": {
						"0.0": [0, 0, 0],
						"0.6": [-45, 0, 0],
						"1.2": [-50, 0, 0],
						"1.8": [0, 0, 0]
					}
				},
				"arm1_1": {
					"rotation": {
						"0.0": [2, 0, 0],
						"0.6": [0, 0, 0],
						"1.2": [-50, 0, 0],
						"1.8": [0, 0, 0]
					}
				}
			}
		}
	}
}