{
	"format_version": "1.8.0",
	"animations": {
		"animation.nessie.look_at_target": {
			"loop": true,
			"bones": {
				"neck0": {
					"rotation": ["Math.clamp(query.target_x_rotation, -10, 10)", "Math.clamp(query.target_y_rotation, -10, 10)", 0]
				},
				"neck1": {
					"rotation": ["Math.clamp(query.target_x_rotation, -10, 10)", "Math.clamp(query.target_y_rotation, -10, 10)", 0]
				},
				"neck2": {
					"rotation": ["Math.clamp(query.target_x_rotation, -10, 10)", "Math.clamp(query.target_y_rotation, -10, 10)", 0]
				},
				"head": {
					"rotation": ["Math.clamp(query.target_x_rotation, -10, 10)", "Math.clamp(query.target_y_rotation, -10, 10)", 0]
				}
			}
		},
		"animation.nessie.walk": {
			"loop": true,
			"anim_time_update": "query.modified_distance_moved",
			"bones": {
				"tail": {
					"rotation": ["Math.sin(query.anim_time * -5) * 5", 0, 0]
				},
				"bone2": {
					"rotation": ["Math.sin(query.anim_time * -5) * 5", 0, 0]
				},
				"bone3": {
					"rotation": ["Math.sin(query.anim_time * -5) * 5", 0, 0]
				},
				"bone4": {
					"rotation": ["Math.sin(query.anim_time * -5) * 5", 0, 0]
				},
				"bone5": {
					"rotation": ["Math.sin(query.anim_time * -5) * 5", 0, 0]
				},
				"fin0": {
					"rotation": [0, "Math.sin(query.anim_time * -45) * 45", "Math.sin(query.anim_time * -45) * 45"]
				},
				"fin1": {
					"rotation": [0, "Math.sin(query.anim_time * -45) * -45", "Math.sin(query.anim_time * -45) * -45"]
				},
				"fin2": {
					"rotation": [0, "Math.sin(query.anim_time * -45) * 45", "Math.sin(query.anim_time * -45) * 45"]
				},
				"fin3": {
					"rotation": [0, "Math.sin(query.anim_time * -45) * -45", "Math.sin(query.anim_time * -45) * -45"]
				},
				"head": {
					"rotation": [0, 0, 0]
				}
			}
		},
		"animation.nessie.swim": {
			"loop": true,
			"anim_time_update": "query.modified_distance_moved",
			"bones": {
				"tail": {
					"rotation": ["Math.sin(query.anim_time * -15) * 15", 0, 0]
				},
				"bone2": {
					"rotation": ["Math.sin(query.anim_time * -15) * 15", 0, 0]
				},
				"bone3": {
					"rotation": ["Math.sin(query.anim_time * -15) * 15", 0, 0]
				},
				"bone4": {
					"rotation": ["Math.sin(query.anim_time * -15) * 15", 0, 0]
				},
				"bone5": {
					"rotation": ["Math.sin(query.anim_time * -15) * 15", 0, 0]
				},
				"fin0": {
					"rotation": [45, "Math.sin(query.anim_time * -45) * -45", 0]
				},
				"fin1": {
					"rotation": [45, "Math.sin(query.anim_time * -45) * 45", 0]
				},
				"fin2": {
					"rotation": [45, "Math.sin(query.anim_time * -45) * -45", 0]
				},
				"fin3": {
					"rotation": [45, "Math.sin(query.anim_time * -45) * 45", 0]
				},
				"neck0": {
					"rotation": [20, 0, 0]
				},
				"head": {
					"rotation": [-20, 0, 0]
				}
			}
		},
		"animation.nessie.tempted": {
			"loop": true,
			"bones": {
				"head": {
					"rotation": [0, 0, -20]
				},
				"jaw_below": {
					"rotation": [45, 0, 0]
				}
			}
		},
		"animation.nessie.setup": {
			"loop": true,
			"bones": {
				"tail": {
					"rotation": [0, "Math.sin(query.anim_time * -5) * 5", 0]
				},
				"bone2": {
					"rotation": [0, "Math.sin(query.anim_time * -5) * 5", 0]
				},
				"bone3": {
					"rotation": [0, "Math.sin(query.anim_time * -5) * 5", 0]
				},
				"bone4": {
					"rotation": [0, "Math.sin(query.anim_time * -5) * 5", 0]
				},
				"bone5": {
					"rotation": [0, "Math.sin(query.anim_time * -5) * 5", 0]
				}
			}
		}
	}
}