{
	"format_version": "1.8.0",
	"animations": {
		"animation.new.wyvern.fly_rotation": {
			"loop": true,
			"bones": {
				"Tail0": {
					"rotation": [0, "-Math.sin(query.yaw_speed)*10", 0]
				},
				"Tail1": {
					"rotation": [0, "-Math.sin(query.yaw_speed)*10", 0]
				},
				"Tail2": {
					"rotation": [0, "-Math.sin(query.yaw_speed)*10", 0]
				},
				"Endtail": {
					"rotation": [0, "-Math.sin(query.yaw_speed)*10", 0]
				},
				"root": {
					"rotation": [0, 0, "-Math.sin(query.yaw_speed)*50"]
				}
			}
		},
		"animation.new.wyvern.look_at_target": {
			"loop": true,
			"bones": {
				"neck": {
					"rotation": ["Math.clamp(query.target_x_rotation, -15, 15)", "Math.clamp(query.target_y_rotation, -15, 15)", 0]
				},
				"neck0": {
					"rotation": ["Math.clamp(query.target_x_rotation, -15, 15)", "Math.clamp(query.target_y_rotation, -15, 15)", 0]
				},
				"Head": {
					"rotation": ["Math.clamp(query.target_x_rotation, -15, 15)", "Math.clamp(query.target_y_rotation, -15, 15)", 0]
				}
			}
		},
		"animation.new.wyvern.walk": {
			"loop": true,
			"anim_time_update": "query.modified_distance_moved",
			"bones": {
				"rigthLeg": {
					"rotation": ["Math.sin(query.anim_time * -30) * 10", 0, 0]
				},
				"Leg0_2": {
					"rotation": ["Math.sin(query.anim_time * -30) * 10", 0, 0]
				},
				"feet": {
					"rotation": ["Math.sin(query.anim_time * -30) * -10", 0, 0]
				},
				"leftLeg": {
					"rotation": ["Math.sin(query.anim_time * -30) * -10", 0, 0]
				},
				"Leg2_2": {
					"rotation": ["Math.sin(query.anim_time * -30) * -10", 0, 0]
				},
				"feet2": {
					"rotation": ["Math.sin(query.anim_time * -30) * 10", 0, 0]
				},
				"Wing0": {
					"rotation": [0, "Math.sin(query.anim_time*-30) *-10", 0]
				},
				"Wing1": {
					"rotation": [0, "Math.sin(query.anim_time*-30) *-10", 0]
				},
				"Body": {
					"position": [0, "Math.sin(query.anim_time * -50) * 1", 0]
				}
			}
		},
		"animation.new.wyvern.setup": {
			"loop": true,
			"bones": {
				"Wing0": {
					"rotation": [40, -10, -13]
				},
				"Wing1": {
					"rotation": [40, 10, 13]
				},
				"Wing1_2": {
					"rotation": [0, -55, 0]
				},
				"Body0": {
					"rotation": ["Math.sin(query.anim_time *-30) * -5", 0, 0]
				},
				"neck": {
					"rotation": ["Math.sin(query.anim_time *-30) * 10", 0, 0]
				},
				"neck0": {
					"rotation": ["Math.sin(query.anim_time *-30) * -10", 0, 0]
				},
				"Body1": {
					"rotation": ["Math.sin(query.anim_time *-30) *5", 0, 0]
				},
				"Tail0": {
					"rotation": [0, "Math.sin(query.anim_time *-30) *4", 0]
				},
				"Tail1": {
					"rotation": [0, "Math.sin(query.anim_time *-30) *3", 0]
				},
				"Tail2": {
					"rotation": [0, "Math.sin(query.anim_time *-30) *2", 0]
				},
				"Endtail": {
					"rotation": [0, "Math.sin(query.anim_time *-30) *1", 0]
				},
				"lowerjaw": {
					"rotation": [0, 0, 0]
				},
				"Wing1_3": {
					"rotation": [0, -55, 0]
				},
				"Wing1_4": {
					"rotation": [0, -62.5, 0]
				},
				"Wing1_5": {
					"rotation": [0, -75, 0]
				},
				"Wing0_2": {
					"rotation": [0, 55, 0]
				},
				"Wing0_3": {
					"rotation": [0, 55, 0]
				},
				"Wing0_4": {
					"rotation": [0, 62.5, 0]
				},
				"Wing0_5": {
					"rotation": [0, 75, 0]
				}
			}
		},
		"animation.new.wyvern.fly": {
			"loop": true,
			"anim_time_update": "query.modified_distance_moved",
			"bones": {
				"Tail0": {
					"rotation": ["Math.sin(query.anim_time * -30) * -4", 0, 0]
				},
				"Tail1": {
					"rotation": ["Math.sin(query.anim_time * -30) * -3", 0, 0]
				},
				"Tail2": {
					"rotation": ["Math.sin(query.anim_time * -30) * -2", 0, 0]
				},
				"Endtail": {
					"rotation": ["Math.sin(query.anim_time * -30) * -1", 0, 0]
				},
				"Leg0_1": {
					"rotation": [60, 0, "Math.sin(query.anim_time*-30)*1"],
					"position": [0, -7, 0]
				},
				"Leg0_2": {
					"rotation": [-12.5, 0, 0],
					"position": [0, -2, 0]
				},
				"Leg0_3": {
					"rotation": [57.5, 0, 0],
					"position": [0, 0, 5]
				},
				"feet": {
					"rotation": [47.5, 0, 0],
					"position": [0, 0, -3]
				},
				"Leg2_1": {
					"rotation": [60, 0, "Math.sin(query.anim_time*-30)*-1"],
					"position": [0, -6, 0]
				},
				"Leg2_2": {
					"rotation": [-12.5, 0, 0],
					"position": [0, -2, 0]
				},
				"Leg2_3": {
					"rotation": [57.5, 0, 0],
					"position": [0, 0, 5]
				},
				"feet2": {
					"rotation": [47.5, 0, 0],
					"position": [0, 0, -3]
				},
				"Wing0": {
					"rotation": [0, 0, "Math.sin(query.anim_time *-30) *50"]
				},
				"Wing1": {
					"rotation": [0, 0, "Math.sin(query.anim_time *-30) *-50"]
				},
				"neck": {
					"rotation": ["Math.sin(query.anim_time * -30) * 5", 0, 0]
				},
				"neck0": {
					"rotation": ["Math.sin(query.anim_time * -30) * -10", 0, 0]
				},
				"Body1": {
					"rotation": ["Math.sin(query.anim_time * -30) * -3", 0, 0]
				},
				"Body0": {
					"rotation": ["math.sin(query.anim_time *-30)*5", 0, 0]
				},
				"Wing0_1": {
					"rotation": [0, 0, "Math.sin(query.anim_time *-30) *30"]
				},
				"Wing1_1": {
					"rotation": [0, 0, "Math.sin(query.anim_time *-30) *-30"]
				},
				"root": {
					"position": [0, "Math.sin(query.anim_time * -30) *10", 0]
				}
			}
		},
		"animation.new.wyvern.sitting": {
			"loop": true,
			"bones": {
				"Body0": {
					"rotation": [5, 0, 0],
					"position": [0, -3, 0]
				},
				"rigthLeg": {
					"rotation": [-90, 10, 0],
					"position": [0, -18, 10]
				},
				"Leg0_2": {
					"rotation": [25, 0, 0],
					"position": [0, -2, 5]
				},
				"Leg0_3": {
					"rotation": [20, 0, 0],
					"position": [0, 1, 3]
				},
				"feet": {
					"rotation": [50, 0, 0],
					"position": [0, 0, -1]
				},
				"leftLeg": {
					"rotation": [-90, -10, 0],
					"position": [0, -18, 10]
				},
				"Leg2_2": {
					"rotation": [25, 0, 0],
					"position": [0, -2, 5]
				},
				"Leg2_3": {
					"rotation": [20, 0, 0],
					"position": [0, 1, 3]
				},
				"feet2": {
					"rotation": [50, 0, 0],
					"position": [0, 0, -1]
				},
				"root": {
					"position": [0, -21, 0]
				}
			}
		},
		"animation.new.wyvern.attack": {
			"loop": false,
			"animation_length": 0.5,
			"bones": {
				"lowerjaw": {
					"rotation": {
						"0.0": [0, 0, 0],
						"0.25": [20, 0, 0],
						"0.5": [0, 0, 0]
					}
				},
				"Head": {
					"rotation": {
						"0.0": [0, 0, 0],
						"0.25": [0, 0, 10],
						"0.5": [0, 0, 0]
					}
				},
				"neck0": {
					"rotation": {
						"0.0": [0, 0, 0],
						"0.25": [0, 0, 10],
						"0.5": [0, 0, 0]
					}
				},
				"neck": {
					"rotation": {
						"0.0": [0, 0, 0],
						"0.25": [0, 0, 30],
						"0.5": [0, 0, 0]
					}
				}
			}
		},
		"animation.new.wyvern.fly_open": {
			"loop": true,
			"bones": {
				"Tail0": {
					"rotation": ["Math.sin(query.anim_time * -180) * -4", 0, 0]
				},
				"Tail1": {
					"rotation": ["Math.sin(query.anim_time * -180) * -3", 0, 0]
				},
				"Tail2": {
					"rotation": ["Math.sin(query.anim_time * -180) * -2", 0, 0]
				},
				"Endtail": {
					"rotation": ["Math.sin(query.anim_time * -180) * -1", 0, 0]
				},
				"Leg0_1": {
					"rotation": [60, 0, "Math.sin(query.anim_time*-30)*1"],
					"position": [0, -7, 0]
				},
				"Leg0_2": {
					"rotation": [-12.5, 0, 0],
					"position": [0, -2, 0]
				},
				"Leg0_3": {
					"rotation": [57.5, 0, 0],
					"position": [0, 0, 5]
				},
				"feet": {
					"rotation": [47.5, 0, 0],
					"position": [0, 0, -3]
				},
				"Leg2_1": {
					"rotation": [60, 0, "Math.sin(query.anim_time*-30)*-1"],
					"position": [0, -6, 0]
				},
				"Leg2_2": {
					"rotation": [-12.5, 0, 0],
					"position": [0, -2, 0]
				},
				"Leg2_3": {
					"rotation": [57.5, 0, 0],
					"position": [0, 0, 5]
				},
				"feet2": {
					"rotation": [47.5, 0, 0],
					"position": [0, 0, -3]
				},
				"Wing0": {
					"rotation": [0, 0, "Math.sin(query.anim_time *-180) *30"]
				},
				"Wing0_1": {
					"rotation": [0, 0, "Math.sin(query.anim_time *-180) *30"]
				},
				"Wing1": {
					"rotation": [0, 0, "Math.sin(query.anim_time *-180) *-30"]
				},
				"Wing1_1": {
					"rotation": [0, 0, "Math.sin(query.anim_time *-180) *-30"]
				},
				"neck": {
					"rotation": ["Math.sin(query.anim_time * -180) * 5", 0, 0]
				},
				"neck0": {
					"rotation": ["Math.sin(query.anim_time * -180) * -10", 0, 0]
				},
				"Body1": {
					"rotation": ["Math.sin(query.anim_time * -180) * -3", 0, 0]
				},
				"Body0": {
					"rotation": ["math.sin(query.anim_time * -180) * 5", 0, 0]
				},
				"root": {
					"position": [0, "Math.sin(query.anim_time * -180) *10", 0]
				}
			}
		},
		"animation.new.wyvern.new.fly_resting": {
			"loop": true,
			"bones": {
				"Tail0": {
					"rotation": ["Math.sin(query.anim_time * -30) * -4", 0, 0]
				},
				"Tail1": {
					"rotation": ["Math.sin(query.anim_time * -30) * -3", 0, 0]
				},
				"Tail2": {
					"rotation": ["Math.sin(query.anim_time * -30) * -2", 0, 0]
				},
				"Endtail": {
					"rotation": ["Math.sin(query.anim_time * -30) * -1", 0, 0]
				},
				"Leg0_1": {
					"rotation": [60, 0, "Math.sin(query.anim_time*-30)*1"],
					"position": [0, -7, 0]
				},
				"Leg0_2": {
					"rotation": [-12.5, 0, 0],
					"position": [0, -2, 0]
				},
				"Leg0_3": {
					"rotation": [57.5, 0, 0],
					"position": [0, 0, 5]
				},
				"feet": {
					"rotation": [47.5, 0, 0],
					"position": [0, 0, -3]
				},
				"Leg2_1": {
					"rotation": [60, 0, "Math.sin(query.anim_time*-30)*-1"],
					"position": [0, -6, 0]
				},
				"Leg2_2": {
					"rotation": [-12.5, 0, 0],
					"position": [0, -2, 0]
				},
				"Leg2_3": {
					"rotation": [57.5, 0, 0],
					"position": [0, 0, 5]
				},
				"feet2": {
					"rotation": [47.5, 0, 0],
					"position": [0, 0, -3]
				},
				"Wing0": {
					"rotation": [0, 0, "Math.sin(query.anim_time *-180) *50"]
				},
				"Wing0_1": {
					"rotation": [0, 0, "Math.sin(query.anim_time *-180) *30"]
				},
				"Wing1": {
					"rotation": [0, 0, "Math.sin(query.anim_time *-180) *-50"]
				},
				"Wing1_1": {
					"rotation": [0, 0, "Math.sin(query.anim_time *-180) *-30"]
				},
				"neck": {
					"rotation": ["Math.sin(query.anim_time * -180) * 5", 0, 0]
				},
				"neck0": {
					"rotation": ["Math.sin(query.anim_time * -180) * 5", 0, 0]
				},
				"Body1": {
					"rotation": ["Math.sin(query.anim_time * -180) * -3", 0, 0]
				},
				"Body0": {
					"rotation": ["math.sin(query.anim_time *-180) * 5", 0, 0]
				},
				"Body": {
					"rotation": [-50, 0, 0],
					"position": [0, "Math.sin(query.anim_time * -180) *10", 0]
				}
			}
		},
		"animation.new.wyvern.silent": {
			"loop": true,
			"bones": {
				"lowerjaw": {
					"rotation": [20, 0, 0]
				}
			}
		},
		"animation.new.wyvern.fly_sound": {
			"loop": true,
			"animation_length": 2.5,
			"sound_effects": {
				"1.5": {
					"effect": "fly"
				}
			}
		},
		"animation.new.wyvern.blink": {
			"loop": true,
			"animation_length": 1.36,
			"bones": {
				"eyes": {
					"scale": {
						"0.0": [1, 1, 1],
						"0.8": [1, 1, 1],
						"0.96": [1, 0, 1],
						"1.08": [1, 0, 1],
						"1.24": [1, 1, 1]
					}
				}
			}
		},
		"animation.new.wyvern.sleep": {
			"loop": true,
			"bones": {
				"Body0": {
					"rotation": [5, 0, 0]
				},
				"neck": {
					"rotation": [30, 52.5, 7.5]
				},
				"neck0": {
					"rotation": [-5, 27.5, 0]
				},
				"Head": {
					"rotation": [-22.5, 27.5, -17.5]
				},
				"Tail0": {
					"rotation": [15, -35, 0]
				},
				"Tail1": {
					"rotation": [0, -35, 0]
				},
				"Tail2": {
					"rotation": [-10, -35, 0]
				},
				"Endtail": {
					"rotation": [-17.5, -35, 0]
				},
				"rigthLeg": {
					"rotation": [-65, 12.5, 0],
					"position": [0, -4, 9]
				},
				"Leg0_3": {
					"rotation": [20, 0, 0],
					"position": [0, 1, 2]
				},
				"feet": {
					"rotation": [40, 0, 0],
					"position": [0, 0, -1]
				},
				"leftLeg": {
					"rotation": [-65, -12.5, 0],
					"position": [0, -4, 9]
				},
				"Leg2_3": {
					"rotation": [20, 0, 0],
					"position": [0, 1, 2]
				},
				"feet2": {
					"rotation": [40, 0, 0],
					"position": [0, 0, -1]
				},
				"eyes": {
					"scale": [1, 0, 1]
				},
				"root": {
					"position": [0, -31, 0]
				}
			}
		},
		"animation.new.wyvern.poison_breath": {
			"loop": true,
			"bones": {
				"neck": {
					"rotation": [0, 0, "Math.sin(query.anim_time * -360) *-10"]
				},
				"neck0": {
					"rotation": [0, 0, "Math.sin(query.anim_time * -360) *-5"]
				},
				"Head": {
					"rotation": [0, 0, "Math.sin(query.anim_time * -360) *-20"]
				},
				"uppperjaw": {
					"rotation": ["Math.sin(query.anim_time * -360) *2", 0, 0]
				},
				"lowerjaw": {
					"rotation": ["20+Math.sin(query.anim_time * -360) *-2", 0, 0]
				}
			}
		}
	}
}