{
	"format_version": "1.8.0",
	"animations": {
		"animation.wendigo.walk": {
			"anim_time_update": "query.modified_distance_moved",
			"loop": true,
			"bones": {
				"rightLeg": {
					"rotation": ["Math.sin(query.anim_time * 45) * -20", 0, 0]
				},
				"lowerRightLeg": {
					"rotation": ["Math.sin(query.anim_time * 45) * -10", 0, 0]
				},
				"leftLeg": {
					"rotation": ["Math.sin(query.anim_time * 45) * 20", 0, 0]
				},
				"lowerLeftLeg": {
					"rotation": ["Math.sin(query.anim_time * 45) * 10", 0, 0]
				},
				"rightArm": {
					"rotation": ["Math.sin(query.anim_time * 45) * 20", 0, 0]
				},
				"lowerRightArm": {
					"rotation": ["Math.sin(query.anim_time * 45) * 10", 0, 0]
				},
				"leftArm": {
					"rotation": ["Math.sin(query.anim_time * 45) * -20", 0, 0]
				},
				"lowerLeftArm": {
					"rotation": ["Math.sin(query.anim_time * 45) * -10", 0, 0]
				}
			}
		},
		"animation.wendigo.roar": {
			"animation_length": 4,
			"bones": {
				"bodyupper": {
					"rotation": {
						"0.0": [0, 0, 0],
						"1.0": [30, 0, 0],
						"2.0": [30, 0, 0],
						"4.0": [0, 0, 0]
					}
				},
				"head": {
					"rotation": {
						"0.0": [0, 0, 0],
						"1.0": [0, 0, "Math.sin(query.anim_time * 360) * 10"],
						"2.0": [0, 0, "Math.sin(query.anim_time * 360) * 10"],
						"4.0": [0, 0, 0]
					},
					"position": {
						"0.0": [0, 0, 0],
						"1.0": [0, -7, -5],
						"2.0": [0, -7, -5],
						"4.0": [0, 0, 0]
					}
				},
				"lowerJaw": {
					"rotation": {
						"0.0": [0, 0, 0],
						"1.0": [45, 0, 0],
						"2.0": [45, 0, 0],
						"4.0": [0, 0, 0]
					}
				},
				"rightArm": {
					"rotation": {
						"0.0": [0, 0, 0],
						"1.0": [0, 90, 87.5],
						"2.0": [0, 90, 87.5],
						"4.0": [0, 0, 0]
					},
					"position": {
						"0.0": [0, 0, 0],
						"1.0": [3, -6, -4],
						"2.0": [3, -6, -4],
						"4.0": [0, 0, 0]
					}
				},
				"lowerRightArm": {
					"rotation": {
						"0.0": [0, 0, 0],
						"1.0": [0, 0, -40],
						"2.0": [0, 0, -40],
						"4.0": [0, 0, 0]
					}
				},
				"leftArm": {
					"rotation": {
						"0.0": [0, 0, 0],
						"1.0": [0, -90, -87.5],
						"2.0": [0, -90, -87.5],
						"4.0": [0, 0, 0]
					},
					"position": {
						"0.0": [0, 0, 0],
						"1.0": [-3, -6, -4],
						"2.0": [-3, -6, -4],
						"4.0": [0, 0, 0]
					}
				},
				"lowerLeftArm": {
					"rotation": {
						"0.0": [0, 0, 0],
						"1.0": [0, 0, 40],
						"2.0": [0, 0, 40],
						"4.0": [0, 0, 0]
					}
				}
			}
		},
		"animation.wendigo.setup": {
			"loop": true,
			"bones": {
				"lowerJaw": {
					"rotation": ["(math.cos(query.life_time * 103.2) * 5.865) + 5.865", 0, 0]
				},
				"rightArm": {
					"rotation": [0, 0, "(math.cos(query.life_time * 103.2) * 2.865) + 2.865"]
				},
				"leftArm": {
					"rotation": [0, 0, "-((math.cos(query.life_time * 103.2) * 2.865) + 2.865)"]
				}
			}
		}
	}
}