{
	"format_version": "1.8.0",
	"animations": {
		"animation.wyvern.setup": {
			"loop": true,
			"bones": {
				"tail": {
					"rotation": [0, "Math.sin(query.anim_time * 45) * -20", 0]
				},
				"tail1": {
					"rotation": [0, "Math.sin(query.anim_time * -45) * -10", 0]
				},
				"endtail": {
					"rotation": [0, "Math.sin(query.anim_time * -20) * -10", 0]
				},
				"wing0": {
					"rotation": [0, 0, 80]
				},
				"groupw0": {
					"rotation": [0, -80, 1]
				},
				"wing2": {
					"rotation": [0, 0, -80]
				},
				"groupw1": {
					"rotation": [0, 80, -1]
				},
				"head": {
					"rotation": ["Math.sin(query.anim_time * 20) * -10", 0, 0]
				}
			}
		},
		"animation.wyvern.fly": {
			"loop": true,
			"anim_time_update": "query.modified_distance_moved",
			"bones": {
				"general": {
					"rotation": ["-query.target_x_rotation", 0, 0]
				},
				"tail": {
					"rotation": ["Math.sin(query.anim_time * 15) * -15", 0, 0]
				},
				"leg0": {
					"rotation": [45, 0, 0]
				},
				"bone": {
					"rotation": [45, 0, 0]
				},
				"leg1": {
					"rotation": [45, 0, 0]
				},
				"bone5": {
					"rotation": [45, 0, 0]
				},
				"wing0": {
					"rotation": [0, 0, "Math.sin(query.anim_time * -45) * 45"]
				},
				"groupw0": {
					"rotation": [0, 0, "Math.sin(query.anim_time * -50) * -50"]
				},
				"wing2": {
					"rotation": [0, 0, "Math.sin(query.anim_time * -45) * -45"]
				},
				"groupw1": {
					"rotation": [0, 0, "Math.sin(query.anim_time * -50) * 50"]
				},
				"head": {
					"rotation": ["Math.sin(query.anim_time * -15) * 15", 0, 0]
				}
			}
		},
		"animation.wyvern.tempted": {
			"loop": true,
			"bones": {
				"head": {
					"rotation": [0, 0, 20]
				},
				"lowerjaw": {
					"rotation": [45, 0, 0]
				}
			}
		},
		"animation.wyvern.walk": {
			"loop": true,
			"anim_time_update": "query.modified_distance_moved",
			"bones": {
				"tail": {
					"rotation": [0, "Math.sin(query.anim_time * -50) * 30", 0]
				},
				"tail1": {
					"rotation": [0, "Math.sin(query.anim_time * -50) * 10", 0]
				},
				"endtail": {
					"rotation": [0, "Math.sin(query.anim_time * -50) * 10", 0]
				},
				"leg0": {
					"rotation": ["Math.sin(query.anim_time * -45) * 45", 0, 0]
				},
				"leg1": {
					"rotation": ["Math.sin(query.anim_time * -45) * -45", 0, 0]
				}
			}
		}
	}
}