{
    "format_version": "1.20.50",
    "minecraft:item": {
        "description": {
            "identifier": "mythicalcreatures:dynamite",
            "menu_category": {
                "category": "equipment"
            }
        },
        "components": {
            "minecraft:max_stack_size": 64,
            "minecraft:icon": {
                "texture": "dynamite"
            },
            "minecraft:projectile": {
                "projectile_entity": "mythicalcreatures:dynamite_projectile"
            },
            "minecraft:throwable": {
                "do_swing_animation": true,
                "launch_power_scale": 2.5
            }
        }
    }
}