{
    "format_version": "1.20.50",
    "minecraft:item": {
        "description": {
            "identifier": "mythicalcreatures:slingshot",
            "menu_category": {
                "category": "equipment"
            }
        },
        "components": {
            "minecraft:shooter": {
                "ammunition": [
                    {
                        "item": "mythicalcreatures:pebble",
                        "use_offhand": true,
                        "search_inventory": true,
                        "use_in_creative": true
                    }
                ],
                "max_draw_duration": 1,
                "scale_power_by_draw_duration": true,
                "charge_on_draw": false
            },
            "minecraft:max_stack_size": 1,
            "minecraft:icon": {
                "texture": "slingshot"
            },
            "minecraft:enchantable": {
                "slot": "bow",
                "value": 14
            },
            "minecraft:durability": {
                "max_durability": 384
            },
            "minecraft:repairable": {
                "repair_items": [
                    {
                        "items": ["mythicalcreatures:slingshot"],
                        "repair_amount": "context.other->query.remaining_durability + 0.05 * context.other->query.max_durability"
                    }
                ]
            },
            "minecraft:fuel": {
                "duration": 10
            },
            "minecraft:use_modifiers": {
                "use_duration": 3,
                "movement_modifier": 0.35
            },
            "minecraft:use_animation": "bow"
        }
    }
}