{
	"format_version": "1.10.0",
	"geometry.boar": {
		"texturewidth": 128,
		"textureheight": 128,
		"visible_bounds_width": 4,
		"visible_bounds_height": 3,
		"visible_bounds_offset": [0, 1.5, 0],
		"bones": [
			{
				"name": "root",
				"pivot": [0, 0, 0]
			},
			{
				"name": "head",
				"parent": "root",
				"pivot": [0, 20, -13]
			},
			{
				"name": "jowl",
				"parent": "head",
				"pivot": [1, 28, -13],
				"rotation": [10, 0, 0],
				"cubes": [
					{"origin": [-6, 16, -22], "size": [12, 7, 10], "uv": [0, 90], "inflate": 0.5}
				]
			},
			{
				"name": "headWakeUp",
				"parent": "jowl",
				"pivot": [1, 28, -13],
				"cubes": [
					{"origin": [-6, 16, -23], "size": [12, 12, 10], "uv": [44, 44]}
				]
			},
			{
				"name": "headSleeping",
				"parent": "jowl",
				"pivot": [1, 28, -13],
				"cubes": [
					{"origin": [-6, 16, -23], "size": [12, 12, 10], "uv": [84, 16]}
				]
			},
			{
				"name": "upperJaw",
				"parent": "jowl",
				"pivot": [0, 21, -23],
				"cubes": [
					{"origin": [-3, 18, -32], "size": [6, 6, 10], "uv": [54, 0]}
				]
			},
			{
				"name": "lowerJaw",
				"parent": "jowl",
				"pivot": [0, 17, -23],
				"cubes": [
					{"origin": [-2, 16, -31], "size": [4, 2, 8], "uv": [26, 42]}
				]
			},
			{
				"name": "rightTusk",
				"parent": "lowerJaw",
				"pivot": [-2, 17, -28],
				"rotation": [0, 0, -15],
				"cubes": [
					{"origin": [-4, 17, -29], "size": [2, 7, 2], "uv": [0, 83]}
				]
			},
			{
				"name": "leftTusk",
				"parent": "lowerJaw",
				"pivot": [2, 17, -28],
				"rotation": [0, 0, 15],
				"cubes": [
					{"origin": [2, 17, -29], "size": [2, 7, 2], "uv": [0, 83]}
				]
			},
			{
				"name": "chin",
				"parent": "jowl",
				"pivot": [1, 31, -13],
				"rotation": [5, 0, 0],
				"cubes": [
					{"origin": [-2, 27, -23.5], "size": [4, 4, 10], "uv": [24, 64]}
				]
			},
			{
				"name": "rightEar",
				"parent": "jowl",
				"pivot": [-3, 28, -16],
				"rotation": [0, 0, -20],
				"cubes": [
					{"origin": [-6, 27, -17], "size": [3, 6, 1], "uv": [0, 0]}
				]
			},
			{
				"name": "leftEar",
				"parent": "jowl",
				"pivot": [3, 28, -16],
				"rotation": [0, 0, 20],
				"cubes": [
					{"origin": [3, 27, -17], "size": [3, 6, 1], "uv": [0, 0]}
				]
			},
			{
				"name": "body",
				"parent": "root",
				"pivot": [0, 28, -13],
				"rotation": [-5, 0, 0],
				"cubes": [
					{"origin": [-7, 12, -13], "size": [14, 16, 26], "uv": [0, 0]},
					{"origin": [-2, 26.70634, -14.22155], "size": [4, 4, 18], "uv": [0, 42]}
				]
			},
			{
				"name": "tail",
				"parent": "body",
				"pivot": [0, 26, 12]
			},
			{
				"name": "tailUpper",
				"parent": "tail",
				"pivot": [0, 26, 12],
				"rotation": [20, 0, 0],
				"cubes": [
					{"origin": [-1, 18, 11], "size": [2, 8, 2], "uv": [54, 0]}
				]
			},
			{
				"name": "tailLower",
				"parent": "tailUpper",
				"pivot": [0, 18, 12],
				"rotation": [15, 0, 0],
				"cubes": [
					{"origin": [-1, 10, 11], "size": [2, 8, 2], "uv": [24, 64]},
					{"origin": [-2, 4, 10], "size": [4, 6, 4], "uv": [54, 16], "inflate": 0.1}
				]
			},
			{
				"name": "rightBackLeg",
				"parent": "root",
				"pivot": [-6, 17, 10],
				"cubes": [
					{"origin": [-8, -0.44616, 6.1507], "size": [4, 2, 4], "uv": [0, 19], "inflate": 0.1}
				]
			},
			{
				"name": "rightBackLeg0",
				"parent": "rightBackLeg",
				"pivot": [-6, 17, 11],
				"rotation": [-25, 0, 0],
				"cubes": [
					{"origin": [-8, 6, 7], "size": [4, 11, 8], "uv": [0, 64], "inflate": 0.1},
					{"origin": [-8, 1, 13], "size": [4, 10, 4], "uv": [52, 66]}
				]
			},
			{
				"name": "leftBackLeg",
				"parent": "root",
				"pivot": [6, 17, 10],
				"cubes": [
					{"origin": [4, -0.44616, 6.15072], "size": [4, 2, 4], "uv": [26, 52], "inflate": 0.1}
				]
			},
			{
				"name": "leftBackLeg0",
				"parent": "leftBackLeg",
				"pivot": [6, 17, 11],
				"rotation": [-25, 0, 0],
				"cubes": [
					{"origin": [4, 6, 7], "size": [4, 11, 8], "uv": [0, 0], "inflate": 0.1},
					{"origin": [4, 1, 13], "size": [4, 10, 4], "uv": [0, 42]}
				]
			},
			{
				"name": "rightFrontLeg",
				"parent": "root",
				"pivot": [-6, 15, -9]
			},
			{
				"name": "rightFrontLegUpper",
				"parent": "rightFrontLeg",
				"pivot": [-6, 7, -8],
				"rotation": [10, 0, 0],
				"cubes": [
					{"origin": [-8, 7, -10], "size": [4, 8, 4], "uv": [68, 68], "inflate": 0.5}
				]
			},
			{
				"name": "rightFrontLegLower",
				"parent": "rightFrontLeg",
				"pivot": [-6, 8, -8],
				"cubes": [
					{"origin": [-8, 0, -10], "size": [4, 8, 4], "uv": [78, 38]}
				]
			},
			{
				"name": "leftFrontLeg",
				"parent": "root",
				"pivot": [6, 15, -9]
			},
			{
				"name": "leftFrontLegUpper",
				"parent": "leftFrontLeg",
				"pivot": [6, 7, -8],
				"rotation": [10, 0, 0],
				"cubes": [
					{"origin": [4, 7, -10], "size": [4, 8, 4], "uv": [68, 68], "inflate": 0.5}
				]
			},
			{
				"name": "leftFrontLegLower",
				"parent": "leftFrontLeg",
				"pivot": [6, 8, -8],
				"cubes": [
					{"origin": [4, 0, -10], "size": [4, 8, 4], "uv": [78, 38]}
				]
			}
		]
	}
}