{
	"format_version": "1.12.0",
	"minecraft:geometry": [
		{
			"description": {
				"identifier": "geometry.cockatrice",
				"texture_width": 128,
				"texture_height": 128,
				"visible_bounds_width": 5,
				"visible_bounds_height": 3.5,
				"visible_bounds_offset": [0, 1.25, 0]
			},
			"bones": [
				{
					"name": "body",
					"pivot": [0, 13, -2]
				},
				{
					"name": "neck",
					"parent": "body",
					"pivot": [-0.5, 16, -6.5],
					"rotation": [25, 0, 0],
					"cubes": [
						{"origin": [-2.5, 16, -9], "size": [5, 7, 5], "uv": [43, 33]}
					]
				},
				{
					"name": "endNeck",
					"parent": "neck",
					"pivot": [-0.5, 22, -6.5],
					"rotation": [-12.5, 0, 0],
					"cubes": [
						{"origin": [-2, 22, -8.5], "size": [4, 6, 4], "uv": [55, 55]}
					]
				},
				{
					"name": "head",
					"parent": "endNeck",
					"pivot": [-0.5, 27, -6.5],
					"rotation": [-12.5, 0, 0],
					"cubes": [
						{"origin": [-2.5, 27, -11], "size": [5, 5, 7], "uv": [25, 38]}
					]
				},
				{
					"name": "upperJaw",
					"parent": "head",
					"pivot": [-0.5, 29, -11],
					"cubes": [
						{"origin": [-1.5, 28, -16], "size": [3, 3, 5], "uv": [44, 60]},
						{"origin": [-0.5, 26, -16.2], "size": [1, 4, 1], "uv": [0, 17]}
					]
				},
				{
					"name": "lowerJaw",
					"parent": "head",
					"pivot": [-0.5, 27, -11],
					"rotation": [-2.5, 0, 0],
					"cubes": [
						{"origin": [-1.5, 26.8, -16], "size": [3, 1, 5], "uv": [56, 0]}
					]
				},
				{
					"name": "crest1",
					"parent": "head",
					"pivot": [-0.5, 31, -7.5],
					"cubes": [
						{"origin": [-0.5, 31, -11.5], "size": [1, 4, 4], "pivot": [-0.5, 27, -6.5], "rotation": [5, 0, 0], "uv": [63, 16]}
					]
				},
				{
					"name": "crest4",
					"parent": "head",
					"pivot": [-0.5, 25, -6.5],
					"cubes": [
						{"origin": [-0.5, 25, -10.5], "size": [1, 3, 3], "pivot": [-0.5, 21, -5.5], "rotation": [5, 0, 0], "uv": [15, 40]}
					]
				},
				{
					"name": "crest2",
					"parent": "head",
					"pivot": [-0.5, 31, -8],
					"rotation": [-5, 0, 0],
					"cubes": [
						{"origin": [-0.5, 31, -8], "size": [1, 4, 3], "uv": [0, 0]}
					]
				},
				{
					"name": "crest3",
					"parent": "head",
					"pivot": [-0.5, 32, -6],
					"rotation": [-60, 0, 0],
					"cubes": [
						{"origin": [-0.5, 32, -6], "size": [1, 3, 3], "uv": [44, 68]}
					]
				},
				{
					"name": "tail",
					"parent": "body",
					"pivot": [0, 13, 5],
					"rotation": [15, 0, 0],
					"cubes": [
						{"origin": [-2, 13, 5], "size": [4, 4, 7], "uv": [0, 40]}
					]
				},
				{
					"name": "midtail0",
					"parent": "tail",
					"pivot": [0, 17, 12],
					"rotation": [-7.5, 0, 0],
					"cubes": [
						{"origin": [-1.5, 14, 12], "size": [3, 3, 7], "uv": [42, 45]}
					]
				},
				{
					"name": "midtail1",
					"parent": "midtail0",
					"pivot": [0, 17, 19],
					"rotation": [-2.5, 0, 0],
					"cubes": [
						{"origin": [-1, 15, 19], "size": [2, 2, 7], "uv": [0, 55]}
					]
				},
				{
					"name": "endtail",
					"parent": "midtail1",
					"pivot": [0, 17, 26],
					"rotation": [-5, 0, 0],
					"cubes": [
						{"origin": [-0.5, 16, 26], "size": [1, 1, 7], "uv": [61, 24]}
					]
				},
				{
					"name": "rightLeg",
					"parent": "body",
					"pivot": [-4, 16, 0.5],
					"rotation": [20, 0, 0],
					"cubes": [
						{"origin": [-6, 9, -2], "size": [4, 7, 5], "uv": [50, 19]}
					]
				},
				{
					"name": "middleRightLeg",
					"parent": "rightLeg",
					"pivot": [-4, 9, 0.5],
					"rotation": [-32.5, 0, 0],
					"cubes": [
						{"origin": [-5, 0, -1], "size": [2, 10, 2], "uv": [15, 62]}
					]
				},
				{
					"name": "rightFeet",
					"parent": "middleRightLeg",
					"pivot": [-4, 1, 0.5],
					"rotation": [12.5, 0, 0],
					"cubes": [
						{"origin": [-6, -1, -2], "size": [4, 2, 4], "uv": [58, 32]}
					]
				},
				{
					"name": "fingerRight1",
					"parent": "rightFeet",
					"pivot": [-5, 0, -2],
					"rotation": [0, 5, 0],
					"cubes": [
						{"origin": [-5.5, -0.5, -7], "size": [1, 1, 2], "uv": [0, 22]},
						{"origin": [-6, -1, -6], "size": [2, 2, 4], "uv": [0, 64]}
					]
				},
				{
					"name": "fingerRight2",
					"parent": "rightFeet",
					"pivot": [-3, 0, -2],
					"rotation": [0, -5, 0],
					"cubes": [
						{"origin": [-3.5, -0.5, -7], "size": [1, 1, 2], "uv": [0, 22]},
						{"origin": [-4, -1, -6], "size": [2, 2, 4], "uv": [0, 64], "mirror": true}
					]
				},
				{
					"name": "fingerRight3",
					"parent": "rightFeet",
					"pivot": [-2, -1, 2],
					"cubes": [
						{"origin": [-4.5, -0.5, 3], "size": [1, 1, 2], "uv": [0, 22]},
						{"origin": [-5, -1, 2], "size": [2, 2, 2], "uv": [67, 0]}
					]
				},
				{
					"name": "leftLeg",
					"parent": "body",
					"pivot": [4, 16, 0.5],
					"rotation": [20, 0, 0],
					"cubes": [
						{"origin": [2, 9, -2], "size": [4, 7, 5], "uv": [50, 19]}
					]
				},
				{
					"name": "middleLeftLeg",
					"parent": "leftLeg",
					"pivot": [4, 9, 0.5],
					"rotation": [-32.5, 0, 0],
					"cubes": [
						{"origin": [3, 0, -1], "size": [2, 10, 2], "uv": [15, 62], "mirror": true}
					]
				},
				{
					"name": "leftFeet",
					"parent": "middleLeftLeg",
					"pivot": [4, 1, 0.5],
					"rotation": [12.5, 0, 0],
					"cubes": [
						{"origin": [2, -1, -2], "size": [4, 2, 4], "uv": [58, 32]}
					]
				},
				{
					"name": "fingerLeft",
					"parent": "leftFeet",
					"pivot": [3, 0, -2],
					"rotation": [0, 5, 0],
					"cubes": [
						{"origin": [2.5, -0.5, -7], "size": [1, 1, 2], "uv": [0, 22]},
						{"origin": [2, -1, -6], "size": [2, 2, 4], "uv": [0, 64]}
					]
				},
				{
					"name": "fingerLeft2",
					"parent": "leftFeet",
					"pivot": [5, 0, -2],
					"rotation": [0, -5, 0],
					"cubes": [
						{"origin": [4.5, -0.5, -7], "size": [1, 1, 2], "uv": [0, 22]},
						{"origin": [4, -1, -6], "size": [2, 2, 4], "uv": [0, 64], "mirror": true}
					]
				},
				{
					"name": "fingerLeft3",
					"parent": "leftFeet",
					"pivot": [6, -1, 2],
					"cubes": [
						{"origin": [3.5, -0.5, 3], "size": [1, 1, 2], "uv": [0, 22]},
						{"origin": [3, -1, 2], "size": [2, 2, 2], "uv": [67, 0]}
					]
				},
				{
					"name": "bodyFront",
					"parent": "body",
					"pivot": [0, 9, -2],
					"rotation": [-2.5, 0, 0],
					"cubes": [
						{"origin": [-4.5, 9, -9], "size": [9, 9, 7], "uv": [0, 24]}
					]
				},
				{
					"name": "bodyBack",
					"parent": "body",
					"pivot": [0, 9, -2],
					"rotation": [2.5, 0, 0],
					"cubes": [
						{"origin": [-5, 9, -2], "size": [10, 9, 8], "uv": [0, 0]}
					]
				},
				{
					"name": "rightWing",
					"parent": "body",
					"pivot": [-4, 15, -8],
					"rotation": [0, 5, -45],
					"cubes": [
						{"origin": [-14, 14, -8], "size": [10, 2, 2], "uv": [52, 7]},
						{"origin": [-18, 15, -7], "size": [14, 0, 7], "uv": [0, 17]}
					]
				},
				{
					"name": "rightMidWing",
					"parent": "rightWing",
					"pivot": [-14, 15, -7],
					"rotation": [0, -35, 0],
					"cubes": [
						{"origin": [-24, 14, -8], "size": [10, 2, 2], "uv": [52, 7], "mirror": true},
						{"origin": [-24, 15, -7], "size": [10, 0, 7], "uv": [28, 17]}
					]
				},
				{
					"name": "rightWIngTip",
					"parent": "rightMidWing",
					"pivot": [-24, 14.5, -8],
					"rotation": [0, 85, 0],
					"cubes": [
						{"origin": [-32, 14.5, -8], "size": [8, 1, 1], "uv": [0, 51]},
						{"origin": [-32, 15, -7], "size": [8, 0, 7], "uv": [29, 7]}
					]
				},
				{
					"name": "leftWing",
					"parent": "body",
					"pivot": [4, 15, -8],
					"rotation": [0, -5, 45],
					"cubes": [
						{"origin": [4, 14, -8], "size": [10, 2, 2], "uv": [52, 7]},
						{"origin": [4, 15, -7], "size": [14, 0, 7], "uv": [0, 17]}
					]
				},
				{
					"name": "leftMidWing",
					"parent": "leftWing",
					"pivot": [14, 15, -7],
					"rotation": [0, 35, 0],
					"cubes": [
						{"origin": [14, 14, -8], "size": [10, 2, 2], "uv": [52, 7], "mirror": true},
						{"origin": [14, 15, -7], "size": [10, 0, 7], "uv": [28, 17]}
					]
				},
				{
					"name": "leftWingTip",
					"parent": "leftMidWing",
					"pivot": [24, 14.5, -8],
					"rotation": [0, -85, 0],
					"cubes": [
						{"origin": [24, 14.5, -8], "size": [8, 1, 1], "uv": [0, 51]},
						{"origin": [24, 15, -7], "size": [8, 0, 7], "uv": [29, 7]}
					]
				}
			]
		}
	]
}