{
	"format_version": "1.12.0",
	"minecraft:geometry": [
		{
			"description": {
				"identifier": "geometry.dwarf",
				"texture_width": 64,
				"texture_height": 64,
				"visible_bounds_width": 3,
				"visible_bounds_height": 3,
				"visible_bounds_offset": [0, 1.5, 0]
			},
			"bones": [
				{
					"name": "General",
					"pivot": [0, 10, 0]
				},
				{
					"name": "head",
					"parent": "General",
					"pivot": [0, 20, 0],
					"cubes": [
						{"origin": [-4, 20, -4], "size": [8, 8, 8], "uv": [0, 0]}
					]
				},
				{
					"name": "bone",
					"parent": "head",
					"pivot": [0, 20, 0],
					"cubes": [
						{"origin": [-4.5, 10, -4.1], "size": [9, 13, 1], "uv": [37, 2]}
					]
				},
				{
					"name": "Body",
					"parent": "General",
					"pivot": [0, 14, 0],
					"cubes": [
						{"origin": [-4, 10, -2], "size": [8, 10, 4], "uv": [16, 16]}
					]
				},
				{
					"name": "arm0",
					"parent": "General",
					"pivot": [-5, 20, 0],
					"rotation": [0, 0, 5],
					"cubes": [
						{"origin": [-8, 10, -2], "size": [4, 10, 4], "uv": [0, 16]}
					]
				},
				{
					"name": "arm1",
					"parent": "General",
					"pivot": [5, 20, 0],
					"rotation": [0, 0, -5],
					"cubes": [
						{"origin": [4, 10, -2], "size": [4, 10, 4], "uv": [0, 16]}
					]
				},
				{
					"name": "leg0",
					"parent": "General",
					"pivot": [-2, 10, 0],
					"cubes": [
						{"origin": [-4, 0, -2], "size": [4, 10, 4], "uv": [40, 16]}
					]
				},
				{
					"name": "leg1",
					"parent": "General",
					"pivot": [2, 10, 0],
					"cubes": [
						{"origin": [0, 0, -2], "size": [4, 10, 4], "uv": [40, 16], "mirror": true}
					]
				}
			]
		}
	]
}