{
	"format_version": "1.10.0",
	"geometry.egg": {
		"texturewidth": 32,
		"textureheight": 32,
		"visible_bounds_width": 1,
		"visible_bounds_height": 1,
		"visible_bounds_offset": [0, 0.5, 0],
		"bones": [
			{
				"name": "bone",
				"pivot": [0, 0, 0],
				"cubes": [
					{"origin": [-2, 0.5, -2], "size": [4, 5, 4], "uv": [8, 1]},
					{"origin": [-1.5, 0.6, -2.5], "size": [3, 4, 1], "uv": [4, 21]},
					{"origin": [-1.5, 0.6, 1.5], "size": [3, 4, 1], "uv": [18, 1]},
					{"origin": [1.5, 0.6, -1.5], "size": [1, 4, 3], "uv": [23, 14]},
					{"origin": [-2.5, 0.6, -1.5], "size": [1, 4, 3], "uv": [10, 18]},
					{"origin": [-1.5, 0, -1.5], "size": [3, 1, 3], "uv": [1, 7]},
					{"origin": [-1.5, 5, -1.5], "size": [3, 1, 3], "uv": [20, 28]}
				]
			}
		]
	}
}