{
	"format_version": "1.12.0",
	"minecraft:geometry": [
		{
			"description": {
				"identifier": "geometry.new.wyvern",
				"texture_width": 1024,
				"texture_height": 1024,
				"visible_bounds_width": 44,
				"visible_bounds_height": 20,
				"visible_bounds_offset": [0, 0, 0]
			},
			"bones": [
				{
					"name": "root",
					"pivot": [0, 36, 6]
				},
				{
					"name": "body",
					"parent": "root",
					"pivot": [2.5, 38, 5],
					"rotation": [-10, 0, 0],
					"cubes": [
						{"origin": [-20.5, 30, -40], "size": [41, 31, 45], "uv": [88, 320]}
					]
				},
				{
					"name": "neck",
					"parent": "body",
					"pivot": [0, 52, -35],
					"rotation": [5, 0, 0],
					"cubes": [
						{"origin": [-11, 41.51835, -59.06469], "size": [21, 19, 24], "uv": [260, 356]}
					]
				},
				{
					"name": "neck0",
					"parent": "neck",
					"pivot": [0, 50.99542, -59.04186],
					"rotation": [-5, 0, 0],
					"cubes": [
						{"origin": [-9, 43.86299, -87.1254], "size": [17, 16, 34], "uv": [440, 146]}
					]
				},
				{
					"name": "Head",
					"parent": "neck0",
					"pivot": [0, 49.89337, -84.7781],
					"rotation": [10, 0, 0]
				},
				{
					"name": "uppperjaw",
					"parent": "Head",
					"pivot": [0, 47.51895, -84.7781],
					"cubes": [
						{"origin": [-10, 47.89337, -125.7781], "size": [19, 12, 20], "uv": [0, 0]},
						{"origin": [-9, 46.54933, -124.72102], "size": [17, 2, 19], "inflate": -0.1, "uv": [0, 326]},
						{"origin": [-11, 47.89337, -105.7781], "size": [21, 13, 21], "uv": [238, 399]},
						{"origin": [-10, 46.54933, -105.72102], "size": [19, 2, 14], "inflate": -0.1, "uv": [0, 523]}
					]
				},
				{
					"name": "eyes",
					"parent": "uppperjaw",
					"pivot": [-0.5, 55, -105],
					"cubes": [
						{"origin": [-11, 53.89337, -105.7781], "size": [21, 2, 5], "inflate": 0.01, "uv": [16, 441]},
						{"origin": [-10, 53.89337, -109.7781], "size": [19, 2, 4], "inflate": 0.01, "uv": [0, 474]}
					]
				},
				{
					"name": "horn0",
					"parent": "uppperjaw",
					"pivot": [9, 59.89337, -89.7781],
					"rotation": [25, 20, 0],
					"cubes": [
						{"origin": [6, 56.89337, -89.7781], "size": [3, 3, 12], "inflate": 0.5, "uv": [40, 32], "mirror": true}
					]
				},
				{
					"name": "horn0_1",
					"parent": "horn0",
					"pivot": [7, 59.89337, -77.7781],
					"rotation": [-10, 0, 0],
					"cubes": [
						{"origin": [6, 57.1726, -77.07252], "size": [3, 3, 10], "inflate": 0.3, "uv": [53, 158], "mirror": true}
					]
				},
				{
					"name": "horn0_2",
					"parent": "horn0_1",
					"pivot": [7, 59.89337, -67.7781],
					"rotation": [15, 0, 0],
					"cubes": [
						{"origin": [6, 56.89337, -67.7781], "size": [3, 3, 7], "inflate": 0.1, "uv": [0, 0], "mirror": true}
					]
				},
				{
					"name": "horn8",
					"parent": "uppperjaw",
					"pivot": [9, 56.89337, -90.7781],
					"rotation": [-5, 20, 0],
					"cubes": [
						{"origin": [5.65798, 53.97527, -89.84199], "size": [3, 3, 12], "inflate": 0.5, "uv": [40, 32], "mirror": true}
					]
				},
				{
					"name": "horn0_3",
					"parent": "horn8",
					"pivot": [7, 56.89337, -79.7781],
					"rotation": [-10, 0, 0],
					"cubes": [
						{"origin": [6, 54.1726, -79.07252], "size": [3, 3, 10], "inflate": 0.3, "uv": [53, 158]}
					]
				},
				{
					"name": "horn0_4",
					"parent": "horn0_3",
					"pivot": [7, 56.89337, -70.7781],
					"rotation": [15, 0, 0],
					"cubes": [
						{"origin": [6, 53.89337, -70.7781], "size": [3, 3, 7], "inflate": 0.1, "uv": [0, 0]}
					]
				},
				{
					"name": "horn1",
					"parent": "uppperjaw",
					"pivot": [-7, 59.89337, -88.7781],
					"rotation": [25, -20, 0],
					"cubes": [
						{"origin": [-10, 56.89337, -88.7781], "size": [3, 3, 12], "inflate": 0.5, "uv": [40, 32]}
					]
				},
				{
					"name": "horn1_1",
					"parent": "horn1",
					"pivot": [-9, 59.89337, -76.7781],
					"rotation": [-10, 0, 0],
					"cubes": [
						{"origin": [-10, 57.1726, -76.07252], "size": [3, 3, 10], "inflate": 0.3, "uv": [53, 158]}
					]
				},
				{
					"name": "horn1_2",
					"parent": "horn1_1",
					"pivot": [-9, 59.89337, -66.7781],
					"rotation": [15, 0, 0],
					"cubes": [
						{"origin": [-10, 56.89337, -66.7781], "size": [3, 3, 7], "inflate": 0.1, "uv": [0, 0]}
					]
				},
				{
					"name": "horn9",
					"parent": "uppperjaw",
					"pivot": [-7, 57.89337, -88.7781],
					"rotation": [-5, -20, 0],
					"cubes": [
						{"origin": [-10, 54.89337, -88.7781], "size": [3, 3, 12], "inflate": 0.5, "uv": [40, 32]}
					]
				},
				{
					"name": "horn1_3",
					"parent": "horn9",
					"pivot": [-9, 57.89337, -78.7781],
					"rotation": [-10, 0, 0],
					"cubes": [
						{"origin": [-10, 55.1726, -78.07252], "size": [3, 3, 10], "inflate": 0.3, "uv": [53, 158]}
					]
				},
				{
					"name": "horn1_4",
					"parent": "horn1_3",
					"pivot": [-9, 57.89337, -69.7781],
					"rotation": [15, 0, 0],
					"cubes": [
						{"origin": [-10, 54.89337, -69.7781], "size": [3, 3, 7], "inflate": 0.1, "uv": [0, 0]}
					]
				},
				{
					"name": "lowerjaw",
					"parent": "Head",
					"pivot": [0, 47.51895, -84.7781],
					"cubes": [
						{"origin": [-10, 43.89337, -105.7781], "size": [19, 4, 21], "uv": [0, 130]},
						{"origin": [-9, 47.54933, -105.72102], "size": [17, 2, 11], "uv": [0, 509]},
						{"origin": [8, 47.89337, -94.7781], "size": [0, 7, 10], "uv": [0, 374]},
						{"origin": [-9, 47.89337, -94.7781], "size": [0, 7, 10], "uv": [0, 374]},
						{"origin": [-9, 43.89337, -124.72102], "size": [17, 4, 19], "uv": [0, 158]},
						{"origin": [-8, 47.54933, -123.72102], "size": [15, 2, 18], "uv": [0, 284]}
					]
				},
				{
					"name": "horn2",
					"parent": "lowerjaw",
					"pivot": [8, 48.89337, -85.7781],
					"rotation": [25, 25, 0],
					"cubes": [
						{"origin": [7, 47.89337, -85.7781], "size": [2, 2, 3], "inflate": 0.1, "uv": [1, 33]}
					]
				},
				{
					"name": "horn2_1",
					"parent": "horn2",
					"pivot": [8, 48.89337, -83.7781],
					"rotation": [10, 0, 0],
					"cubes": [
						{"origin": [7, 47.78565, -83.5038], "size": [2, 2, 4], "uv": [66, 67]}
					]
				},
				{
					"name": "horn3",
					"parent": "lowerjaw",
					"pivot": [8, 45.89337, -85.7781],
					"rotation": [5, 25, 0],
					"cubes": [
						{"origin": [7, 44.89337, -85.7781], "size": [2, 2, 4], "inflate": 0.1, "uv": [60, 53]}
					]
				},
				{
					"name": "horn3_1",
					"parent": "horn3",
					"pivot": [8, 45.89337, -83.7781],
					"rotation": [10, 0, 0],
					"cubes": [
						{"origin": [7, 44.78565, -82.5038], "size": [2, 2, 5], "uv": [60, 60]}
					]
				},
				{
					"name": "horn4",
					"parent": "lowerjaw",
					"pivot": [8, 44.89337, -87.7781],
					"rotation": [-45, 20, 0],
					"cubes": [
						{"origin": [7, 43.89337, -87.7781], "size": [2, 2, 3], "inflate": 0.1, "uv": [1, 33]}
					]
				},
				{
					"name": "horn4_1",
					"parent": "horn4",
					"pivot": [8, 44.89337, -85.7781],
					"rotation": [10, 0, 0],
					"cubes": [
						{"origin": [7, 43.78565, -85.5038], "size": [2, 2, 4], "uv": [60, 47]}
					]
				},
				{
					"name": "horn5",
					"parent": "lowerjaw",
					"pivot": [-9, 48.89337, -85.7781],
					"rotation": [25, -25, 0],
					"cubes": [
						{"origin": [-10, 47.89337, -85.7781], "size": [2, 2, 3], "inflate": 0.1, "uv": [1, 33]}
					]
				},
				{
					"name": "horn2_2",
					"parent": "horn5",
					"pivot": [-9, 48.89337, -83.7781],
					"rotation": [10, 0, 0],
					"cubes": [
						{"origin": [-10, 47.78565, -83.5038], "size": [2, 2, 4], "uv": [58, 14]}
					]
				},
				{
					"name": "horn6",
					"parent": "lowerjaw",
					"pivot": [-9, 45.89337, -85.7781],
					"rotation": [5, -25, 0],
					"cubes": [
						{"origin": [-10, 44.89337, -85.7781], "size": [2, 2, 4], "inflate": 0.1, "uv": [40, 38]}
					]
				},
				{
					"name": "horn3_2",
					"parent": "horn6",
					"pivot": [-9, 45.89337, -83.7781],
					"rotation": [10, 0, 0],
					"cubes": [
						{"origin": [-10, 44.78565, -82.5038], "size": [2, 2, 5], "uv": [58, 32]}
					]
				},
				{
					"name": "horn7",
					"parent": "lowerjaw",
					"pivot": [-9, 44.89337, -87.7781],
					"rotation": [-45, -20, 0],
					"cubes": [
						{"origin": [-10, 43.89337, -87.7781], "size": [2, 2, 3], "inflate": 0.1, "uv": [1, 33]}
					]
				},
				{
					"name": "horn4_2",
					"parent": "horn7",
					"pivot": [-9, 44.89337, -85.7781],
					"rotation": [10, 0, 0],
					"cubes": [
						{"origin": [-10, 43.78565, -85.5038], "size": [2, 2, 4], "uv": [40, 32]}
					]
				},
				{
					"name": "Body1",
					"parent": "body",
					"pivot": [-0.5, 40.5, 5],
					"rotation": [5, 0, 0],
					"cubes": [
						{"origin": [-17.5, 31.5, 0], "size": [35, 25, 41], "uv": [127, 396]}
					]
				},
				{
					"name": "Tail0",
					"parent": "Body1",
					"pivot": [0, 45, 37],
					"rotation": [-10, 0, 0],
					"cubes": [
						{"origin": [-11, 35, 37], "size": [21, 19, 33], "uv": [421, 421]}
					]
				},
				{
					"name": "Tail1",
					"parent": "Tail0",
					"pivot": [0, 45, 66],
					"rotation": [-10, 0, 0],
					"cubes": [
						{"origin": [-10, 36, 66], "size": [19, 17, 45], "uv": [408, 289]}
					]
				},
				{
					"name": "Tail2",
					"parent": "Tail1",
					"pivot": [0, 45, 107],
					"rotation": [15, 0, 0],
					"cubes": [
						{"origin": [-9, 37, 107], "size": [17, 15, 54], "uv": [279, 404]}
					]
				},
				{
					"name": "Endtail",
					"parent": "Tail2",
					"pivot": [0, 45, 157],
					"rotation": [15, 0, 0],
					"cubes": [
						{"origin": [-8, 38, 157], "size": [15, 13, 58], "uv": [400, 202]},
						{"origin": [-13, 41, 211], "size": [25, 5, 25], "uv": [141, 462]}
					]
				},
				{
					"name": "rigthLeg",
					"parent": "root",
					"pivot": [-17.5, 50, 26]
				},
				{
					"name": "Leg0_1",
					"parent": "rigthLeg",
					"pivot": [-18.5, 48, 26],
					"rotation": [-25, 0, 0],
					"cubes": [
						{"origin": [-20.5, 24, 18], "size": [10, 29, 20], "uv": [0, 32]}
					]
				},
				{
					"name": "Leg0_2",
					"parent": "Leg0_1",
					"pivot": [-18.5, 23, 29],
					"rotation": [75, 0, 0],
					"cubes": [
						{"origin": [-20, 7.884, 27.11892], "size": [9, 26, 9], "uv": [0, 184]}
					]
				},
				{
					"name": "Leg0_3",
					"parent": "Leg0_2",
					"pivot": [-18.5, 11, 29],
					"rotation": [-95, 0, 0],
					"cubes": [
						{"origin": [-19.5, -8.60235, 24.26809], "size": [8, 18, 8], "uv": [0, 219]}
					]
				},
				{
					"name": "feet",
					"parent": "Leg0_3",
					"pivot": [-15.5, -7, 32],
					"rotation": [45, 0, 0],
					"cubes": [
						{"origin": [-20, -8.3226, 25.05653], "size": [9, 6, 6], "uv": [22, 257]}
					]
				},
				{
					"name": "toe0",
					"parent": "feet",
					"pivot": [-18.5, -5, 25],
					"rotation": [0, 10, 0],
					"cubes": [
						{"origin": [-20, -8.3226, 17.5], "size": [3, 6, 8], "uv": [14, 269]}
					]
				},
				{
					"name": "toe1",
					"parent": "feet",
					"pivot": [-15.5, -6, 25],
					"cubes": [
						{"origin": [-17, -8.3226, 17], "size": [3, 6, 8], "uv": [58, 267]}
					]
				},
				{
					"name": "toe2",
					"parent": "feet",
					"pivot": [-12.5, -5, 25],
					"rotation": [0, -10, 0],
					"cubes": [
						{"origin": [-14, -8.3226, 17.5], "size": [3, 6, 8], "uv": [44, 261]}
					]
				},
				{
					"name": "leftLeg",
					"parent": "root",
					"pivot": [13.5, 50, 26]
				},
				{
					"name": "Leg2_1",
					"parent": "leftLeg",
					"pivot": [12.5, 48, 26],
					"rotation": [-25, 0, 0],
					"cubes": [
						{"origin": [10.5, 24, 18], "size": [10, 29, 20], "uv": [0, 32], "mirror": true}
					]
				},
				{
					"name": "Leg2_2",
					"parent": "Leg2_1",
					"pivot": [12.5, 23, 29],
					"rotation": [75, 0, 0],
					"cubes": [
						{"origin": [11, 7.884, 27.11892], "size": [9, 26, 9], "uv": [0, 184], "mirror": true}
					]
				},
				{
					"name": "Leg2_3",
					"parent": "Leg2_2",
					"pivot": [12.5, 11, 29],
					"rotation": [-95, 0, 0],
					"cubes": [
						{"origin": [11.5, -8.60235, 24.26809], "size": [8, 18, 8], "uv": [0, 219]}
					]
				},
				{
					"name": "feet2",
					"parent": "Leg2_3",
					"pivot": [15.5, -7, 32],
					"rotation": [45, 0, 0],
					"cubes": [
						{"origin": [11, -8.3226, 25.05653], "size": [9, 6, 6], "uv": [22, 257], "mirror": true}
					]
				},
				{
					"name": "toe3",
					"parent": "feet2",
					"pivot": [12.5, -5, 25],
					"rotation": [0, 10, 0],
					"cubes": [
						{"origin": [11, -8.3226, 17.5], "size": [3, 6, 8], "uv": [0, 259]}
					]
				},
				{
					"name": "toe4",
					"parent": "feet2",
					"pivot": [15.5, -6, 25],
					"cubes": [
						{"origin": [14, -8.3226, 17], "size": [3, 6, 8], "uv": [58, 248]}
					]
				},
				{
					"name": "toe5",
					"parent": "feet2",
					"pivot": [18.5, -5, 25],
					"rotation": [0, -10, 0],
					"cubes": [
						{"origin": [17, -8.3226, 17.5], "size": [3, 6, 8], "uv": [58, 0]}
					]
				},
				{
					"name": "Wing0",
					"parent": "root",
					"pivot": [-17.5, 57, -32],
					"rotation": [0, 15, 0],
					"cubes": [
						{"origin": [-98.32635, 55, -34.98481], "size": [80, 6, 10], "uv": [400, 273]},
						{"origin": [-98.32635, 58, -34.98481], "size": [80, 0, 100], "uv": [667, 73]}
					]
				},
				{
					"name": "Wing0_1",
					"parent": "Wing0",
					"pivot": [-95.5, 57, -30],
					"rotation": [0, -30, 0],
					"cubes": [
						{"origin": [-174.87228, 55.63951, -33.64446], "size": [80, 5, 8], "uv": [408, 351]},
						{"origin": [-180.16229, 58, -29.06005], "size": [130, 0, 147], "uv": [0, 531]},
						{"origin": [-174.87228, 56.13951, -43.64446], "size": [4, 4, 10], "uv": [0, 245]},
						{"origin": [-174.87228, 51.13951, -43.64446], "size": [4, 5, 4], "uv": [0, 41]}
					]
				},
				{
					"name": "Wing0_2",
					"parent": "Wing0_1",
					"pivot": [-174.5, 58, -30],
					"rotation": [0, 100, 0],
					"cubes": [
						{"origin": [-253.60215, 56.63951, -33.71999], "size": [80, 4, 6], "uv": [260, 160]}
					]
				},
				{
					"name": "WIng0_2_1",
					"parent": "Wing0_2",
					"pivot": [-250.04947, 58, -31.13302],
					"rotation": [0, 15, 0],
					"cubes": [
						{"origin": [-332.81154, 56.63951, -34.55134], "size": [80, 4, 6], "uv": [260, 160]}
					]
				},
				{
					"name": "Wing0_3",
					"parent": "Wing0_1",
					"pivot": [-174.5, 58, -30],
					"rotation": [0, 70, 0],
					"cubes": [
						{"origin": [-253.60215, 56.63951, -33.71999], "size": [80, 4, 6], "uv": [260, 160]}
					]
				},
				{
					"name": "WIng0_2_2",
					"parent": "Wing0_3",
					"pivot": [-250.04947, 58, -31.13302],
					"rotation": [0, 15, 0],
					"cubes": [
						{"origin": [-332.81154, 56.63951, -34.55134], "size": [80, 4, 6], "uv": [260, 160]}
					]
				},
				{
					"name": "wingtip",
					"parent": "Wing0_3",
					"pivot": [-169.46303, 58, -43.35026],
					"rotation": [0, -50, 0],
					"cubes": [
						{"origin": [-249.46303, 58, -43.35026], "size": [80, 0, 160], "uv": [547, 867]}
					]
				},
				{
					"name": "Wing0_4",
					"parent": "Wing0_1",
					"pivot": [-174.5, 58, -30],
					"rotation": [0, 40, 0],
					"cubes": [
						{"origin": [-253.60215, 56.63951, -33.71999], "size": [80, 4, 6], "uv": [260, 160]}
					]
				},
				{
					"name": "WIng0_2_3",
					"parent": "Wing0_4",
					"pivot": [-250.04947, 58, -31.13302],
					"rotation": [0, 15, 0],
					"cubes": [
						{"origin": [-332.81154, 56.63951, -34.55134], "size": [80, 4, 6], "uv": [260, 160]}
					]
				},
				{
					"name": "wingtip2",
					"parent": "Wing0_4",
					"pivot": [-168.01093, 58, -28.67226],
					"rotation": [0, -55, 0],
					"cubes": [
						{"origin": [-248.01093, 58, -28.67226], "size": [80, 0, 160], "uv": [547, 867]}
					]
				},
				{
					"name": "Wing0_5",
					"parent": "Wing0_1",
					"pivot": [-174.5, 57, -32],
					"rotation": [0, 10, 0],
					"cubes": [
						{"origin": [-253.60215, 56.63951, -33.71999], "size": [80, 4, 6], "uv": [260, 160]}
					]
				},
				{
					"name": "WIng0_2_4",
					"parent": "Wing0_5",
					"pivot": [-250.04947, 58, -31.13302],
					"rotation": [0, 15, 0],
					"cubes": [
						{"origin": [-332.81154, 56.63951, -34.55134], "size": [80, 4, 6], "uv": [260, 160]}
					]
				},
				{
					"name": "wingtip3",
					"parent": "Wing0_5",
					"pivot": [-168.0622, 58, -30.90576],
					"rotation": [0, -55, 0],
					"cubes": [
						{"origin": [-248.0622, 58, -30.90576], "size": [80, 0, 160], "uv": [547, 867]}
					]
				},
				{
					"name": "Wing1",
					"parent": "root",
					"pivot": [17.5, 57, -32],
					"rotation": [0, -15, 0],
					"cubes": [
						{"origin": [17.5, 55, -35], "size": [80, 6, 10], "uv": [400, 273]},
						{"origin": [17.5, 58, -35], "size": [80, 0, 100], "uv": [667, 73], "mirror": true}
					]
				},
				{
					"name": "Wing1_1",
					"parent": "Wing1",
					"pivot": [95.5, 57, -30],
					"rotation": [0, 30, 0],
					"cubes": [
						{"origin": [95.5, 55.5, -34], "size": [80, 5, 8], "uv": [408, 351]},
						{"origin": [50.76831, 58, -29.29895], "size": [130, 0, 147], "uv": [0, 531], "mirror": true},
						{"origin": [171.16716, 56.12378, -43.46017], "size": [4, 4, 10], "uv": [40, 84]},
						{"origin": [171.16716, 51.12378, -43.46017], "size": [4, 5, 4], "uv": [0, 32]}
					]
				},
				{
					"name": "Wing1_2",
					"parent": "Wing1_1",
					"pivot": [174.5, 58, -30],
					"rotation": [0, -100, 0],
					"cubes": [
						{"origin": [173.71583, 56.5, -34.04785], "size": [80, 4, 6], "uv": [260, 160]}
					]
				},
				{
					"name": "Wing1_2_1",
					"parent": "Wing1_2",
					"pivot": [253.5, 58, -30],
					"rotation": [0, -15, 0],
					"cubes": [
						{"origin": [252.66082, 56.5, -33.96578], "size": [80, 4, 6], "uv": [260, 160]}
					]
				},
				{
					"name": "Wing1_3",
					"parent": "Wing1_1",
					"pivot": [174.5, 58, -30],
					"rotation": [0, -70, 0],
					"cubes": [
						{"origin": [173.71583, 56.5, -34.04785], "size": [80, 4, 6], "uv": [260, 160]}
					]
				},
				{
					"name": "Wing1_2_2",
					"parent": "Wing1_3",
					"pivot": [253.5, 58, -30],
					"rotation": [0, -15, 0],
					"cubes": [
						{"origin": [252.66082, 56.5, -33.96578], "size": [80, 4, 6], "uv": [260, 160]}
					]
				},
				{
					"name": "wingtip8",
					"parent": "Wing1_3",
					"pivot": [225.41416, 58, -96.46342],
					"rotation": [0, 52.5, 0],
					"cubes": [
						{"origin": [142.81168, 58, -103.26247], "size": [80, 0, 160], "uv": [547, 867], "mirror": true}
					]
				},
				{
					"name": "Wing1_4",
					"parent": "Wing1_1",
					"pivot": [174.5, 58, -30],
					"rotation": [0, -40, 0],
					"cubes": [
						{"origin": [173.71583, 56.5, -34.04785], "size": [80, 4, 6], "uv": [260, 160]}
					]
				},
				{
					"name": "Wing1_2_3",
					"parent": "Wing1_4",
					"pivot": [253.5, 58, -30],
					"rotation": [0, -15, 0],
					"cubes": [
						{"origin": [252.66082, 56.5, -33.96578], "size": [80, 4, 6], "uv": [260, 160]}
					]
				},
				{
					"name": "wingtip9",
					"parent": "Wing1_4",
					"pivot": [225.41416, 58, -96.46342],
					"rotation": [0, 52.5, 0],
					"cubes": [
						{"origin": [142.81168, 58, -103.26247], "size": [80, 0, 160], "uv": [547, 867], "mirror": true}
					]
				},
				{
					"name": "Wing1_5",
					"parent": "Wing1_1",
					"pivot": [174.5, 58, -30],
					"rotation": [0, -12.5, 0],
					"cubes": [
						{"origin": [173.71583, 56.5, -34.04785], "size": [80, 4, 6], "uv": [260, 160]}
					]
				},
				{
					"name": "Wing1_2_4",
					"parent": "Wing1_5",
					"pivot": [253.5, 58, -30],
					"rotation": [0, -15, 0],
					"cubes": [
						{"origin": [252.66082, 56.5, -33.96578], "size": [80, 4, 6], "uv": [260, 160]}
					]
				},
				{
					"name": "wingtip10",
					"parent": "Wing1_5",
					"pivot": [222.42557, 58, -96.72489],
					"rotation": [0, 55, 0],
					"cubes": [
						{"origin": [137.29292, 58, -101.91204], "size": [80, 0, 160], "uv": [547, 867], "mirror": true}
					]
				}
			]
		}
	]
}