{
	"format_version": "1.10.0",
	"geometry.orc": {
		"texturewidth": 128,
		"textureheight": 128,
		"visible_bounds_width": 3,
		"visible_bounds_height": 4,
		"visible_bounds_offset": [0, 2, 0],
		"bones": [
			{
				"name": "body",
				"pivot": [0, 23, 0],
				"cubes": [
					{"origin": [-6, 12, -4], "size": [12, 22, 10], "uv": [80, 0]}
				]
			},
			{
				"name": "head",
				"parent": "body",
				"pivot": [0, 32, -4],
				"cubes": [
					{"origin": [-4, 35, -8], "size": [8, 8, 8], "uv": [0, 14]},
					{"origin": [-4, 39, -9], "size": [8, 1, 1], "uv": [7, 18]}
				]
			},
			{
				"name": "rightEar",
				"parent": "head",
				"pivot": [-4, 38, -7],
				"rotation": [0, 50, 0],
				"cubes": [
					{"origin": [-8, 37, -7], "size": [4, 3, 0], "uv": [0, 4], "mirror": true}
				]
			},
			{
				"name": "leftEar",
				"parent": "head",
				"pivot": [4, 38, -7],
				"rotation": [0, -50, 0],
				"cubes": [
					{"origin": [4, 37, -7], "size": [4, 3, 0], "uv": [0, 4]}
				]
			},
			{
				"name": "Jaw",
				"parent": "head",
				"pivot": [0, 35, 0],
				"cubes": [
					{"origin": [-4, 32, -9], "size": [8, 3, 9], "uv": [1, 1]},
					{"origin": [-3.5, 35, -8.5], "size": [7, 1, 8], "uv": [0, 30]}
				]
			},
			{
				"name": "rightTusk",
				"parent": "Jaw",
				"pivot": [-3.5, 35, -9.5],
				"rotation": [30, 0, -10],
				"cubes": [
					{"origin": [-4, 34, -9], "size": [1, 3, 1], "uv": [40, 0]}
				]
			},
			{
				"name": "leftTusk",
				"parent": "Jaw",
				"pivot": [3.5, 35, -9.5],
				"rotation": [30, 0, 10],
				"cubes": [
					{"origin": [3, 34, -9], "size": [1, 3, 1], "uv": [40, 0]}
				]
			},
			{
				"name": "rightArm",
				"parent": "body",
				"pivot": [-7, 31, 1],
				"cubes": [
					{"origin": [-12, 10, -2], "size": [6, 21, 6], "uv": [55, 0], "mirror": true}
				]
			},
			{
				"name": "rightItem",
				"parent": "rightArm",
				"pivot": [-9, 12, 1]
			},
			{
				"name": "leftArm",
				"parent": "body",
				"pivot": [7, 31, 1],
				"cubes": [
					{"origin": [6, 10, -2], "size": [6, 21, 6], "uv": [55, 0]}
				]
			},
			{
				"name": "rightLeg",
				"parent": "body",
				"pivot": [-3, 12, 0],
				"cubes": [
					{"origin": [-5, 0, -2], "size": [5, 12, 5], "uv": [33, 14]}
				]
			},
			{
				"name": "leftLeg",
				"parent": "body",
				"pivot": [3, 12, 0],
				"cubes": [
					{"origin": [0, 0, -2], "size": [5, 12, 5], "uv": [33, 14], "mirror": true}
				]
			}
		]
	}
}