{
	"format_version": "1.12.0",
	"minecraft:geometry": [
		{
			"description": {
				"identifier": "geometry.roc",
				"texture_width": 128,
				"texture_height": 128,
				"visible_bounds_width": 5,
				"visible_bounds_height": 4.5,
				"visible_bounds_offset": [0, 1.75, 0]
			},
			"bones": [
				{
					"name": "head",
					"pivot": [0, 0, 0],
					"cubes": [
						{"origin": [-20, 37, 0], "size": [20, 15, 25], "uv": [0, 0]}
					]
				},
				{
					"name": "lowerJaw",
					"parent": "head",
					"pivot": [0, 0, 0],
					"cubes": [
						{"origin": [-15, 37, -15], "size": [10, 5, 15], "uv": [35, 50]}
					]
				},
				{
					"name": "upperJaw",
					"parent": "head",
					"pivot": [0, 0, 0],
					"cubes": [
						{"origin": [-15, 42, -15], "size": [10, 10, 15], "uv": [0, 40]},
						{"origin": [-12.5, 34, -17.5], "size": [5, 15, 5], "uv": [0, 0]}
					]
				},
				{
					"name": "player",
					"pivot": [0, 0, 0],
					"cubes": [
						{"origin": [-4, 24, -4], "size": [8, 8, 8], "uv": [0, 0]},
						{"origin": [-4, 12, -2], "size": [8, 12, 4], "uv": [0, 0]},
						{"origin": [-8, 12, -2], "size": [4, 12, 4], "uv": [0, 0]},
						{"origin": [4, 12, -2], "size": [4, 12, 4], "uv": [0, 0]},
						{"origin": [0, 0, -2], "size": [4, 12, 4], "uv": [0, 0]},
						{"origin": [-4, 0, -2], "size": [4, 12, 4], "uv": [0, 0]}
					]
				}
			]
		}
	]
}