{
	"format_version": "1.10.0",
	"geometry.wereman": {
		"texturewidth": 64,
		"textureheight": 64,
		"visible_bounds_width": 1,
		"visible_bounds_height": 2,
		"visible_bounds_offset": [0, 1, 0],
		"bones": [
			{
				"name": "body",
				"pivot": [0, 14, 0],
				"cubes": [
					{"origin": [-4, 12, -3], "size": [8, 12, 6], "uv": [0, 16]}
				]
			},
			{
				"name": "head",
				"parent": "body",
				"pivot": [0, 24, 0],
				"cubes": [
					{"origin": [-4, 24, -4], "size": [8, 8, 8], "uv": [0, 0]}
				]
			},
			{
				"name": "rightarm",
				"parent": "body",
				"pivot": [-5, 22, 0],
				"cubes": [
					{"origin": [-8, 17, -2], "size": [4, 6, 4], "uv": [48, 0]}
				]
			},
			{
				"name": "arm0_1",
				"parent": "rightarm",
				"pivot": [-6, 17, 0],
				"locators": {
					"right_hand": [ -6.0, 12.0, 0.0 ]
				  },
				"cubes": [
					{"origin": [-8, 11, -2], "size": [4, 6, 4], "uv": [48, 10]}
				]
			},
			{
				"name": "leftarm",
				"parent": "body",
				"pivot": [5, 22, 0],
				"cubes": [
					{"origin": [4, 17, -2], "size": [4, 6, 4], "uv": [48, 0], "mirror": true}
				]
			},
			{
				"name": "arm1_1",
				"parent": "leftarm",
				"pivot": [6, 17, 0],
				"locators": {
					"left_hand": [ 6.0, 12.0, 0.0 ]
				  },
				"cubes": [
					{"origin": [4, 11, -2], "size": [4, 6, 4], "uv": [48, 10], "mirror": true}
				]
			},
			{
				"name": "rightleg",
				"parent": "body",
				"pivot": [-2, 12, 0],
				"cubes": [
					{"origin": [-4, 6, -2], "size": [4, 6, 4], "uv": [32, 0]}
				]
			},
			{
				"name": "leg0_1",
				"parent": "rightleg",
				"pivot": [-2, 6, 0],
				"cubes": [
					{"origin": [-4, 0, -2], "size": [4, 6, 4], "uv": [32, 10]}
				]
			},
			{
				"name": "leftleg",
				"parent": "body",
				"pivot": [2, 12, 0],
				"cubes": [
					{"origin": [0, 6, -2], "size": [4, 6, 4], "uv": [32, 0], "mirror": true}
				]
			},
			{
				"name": "leg1_1",
				"parent": "leftleg",
				"pivot": [2, 6, 0],
				"cubes": [
					{"origin": [0, 0, -2], "size": [4, 6, 4], "uv": [32, 10], "mirror": true}
				]
			}
		]
	}
}