{
	"format_version": "1.12.0",
	"minecraft:geometry": [
		{
			"description": {
				"identifier": "geometry.wyvern_bullet",
				"texture_width": 16,
				"texture_height": 16,
				"visible_bounds_width": 2,
				"visible_bounds_height": 1,
				"visible_bounds_offset": [0, 0.5, 0]
			},
			"bones": [
				{
					"name": "main",
					"pivot": [0, 8, 0],
					"cubes": [
						{"origin": [-8, 0, 0], "size": [16, 16, 0], "uv": [0, 0]}
					],
					"locators": {
						"mid": [0, 8, 0]
					}
				}
			]
		}
	]
}