{
  "format_version": "1.8.0",
  "render_controllers": {
    "controller.render.centaur": {
      "arrays": {
        "textures": {
          "Array.base": [
            "Texture.base_white",
            "Texture.base_creamy",
            "Texture.base_chestnut",
            "Texture.base_brown",
            "Texture.base_black",
            "Texture.base_gray",
            "Texture.base_darkbrown"
          ],
          "Array.markings": [
            "Texture.markings_none",
            "Texture.markings_white",
            "Texture.markings_whitefield",
            "Texture.markings_whitedots",
            "Texture.markings_blackdots"
          ]
        }
      },
      "geometry": "Geometry.default",
      "materials": [ { "*": "Material.default" } ],
      "textures": [
        "Array.base[query.variant]",
        "Array.markings[query.mark_variant]"
      ]
    }
  }
}
