{
  "format_version": "1.8.0",
  "render_controllers": {
    "controller.render.nessie_egg": {
      "arrays": {
        "textures": {
          "Array.state": [
            "Texture.not_cracked",
            "Texture.slightly_cracked",
            "Texture.very_cracked"
          ]
        }        
      },
      "geometry": "Geometry.default",
      "materials": [
        { "*": "Material.default" },
        { "light*": "Material.center" }
      ],
      "textures": [ "Array.state[query.variant]" ]
    }
  }
}
